Type,Section Lenght,Radius
Straight,1,0
Straight,1,0
Straight,1,0
Straight,1,0
Straight,1,0
Straight,1,0
Straight,1,0
Straight,1,0
Straight,1,0
Straight,1,0
Straight,1,0
Straight,1,0
Straight,1,0
Straight,1,0
Straight,1,0
Straight,1,0
Straight,1,0
Straight,1,0
Straight,1,0
Straight,1,0
Straight,1,0
Straight,1,0
Straight,1,0
Straight,1,0
Straight,1,0
Straight,1,0
Straight,1,0
Straight,1,0
Straight,1,0
Straight,1,0
Straight,1,0
Straight,1,0
Straight,1,0
Straight,1,0
Straight,1,0
Straight,1,0
Straight,1,0
Straight,1,0
Straight,1,0
Straight,1,0
Straight,1,0
Straight,1,0
Straight,1,0
Straight,1,0
Straight,1,0
Straight,1,0
Straight,1,0
Straight,1,0
Straight,1,0
Straight,1,0
Straight,1,0
Straight,1,0
Straight,1,0
Straight,1,0
Straight,1,0
Straight,1,0
Straight,1,0
Straight,1,0
Straight,1,0
Straight,1,0
Straight,1,0
Straight,1,0
Straight,1,0
Straight,1,0
Straight,1,0
Straight,1,0
Straight,1,0
Straight,1,0
Straight,1,0
Straight,1,0
Straight,1,0
Straight,1,0
Straight,1,0
Straight,1,0
Straight,1,0
Straight,1,0
Straight,1,0
Straight,1,0
Straight,1,0
Straight,1,0
Straight,1,0
Straight,1,0
Straight,1,0
Straight,1,0
Straight,1,0
Straight,1,0
Straight,1,0
Straight,1,0
Straight,1,0
Straight,1,0
Straight,1,0
Straight,1,0
Straight,1,0
Straight,1,0
Straight,1,0
Straight,1,0
Straight,1,0
Straight,1,0
Straight,1,0
Straight,1,0
Straight,1,0
Straight,1,0
Straight,1,0
Straight,1,0
Straight,1,0
Straight,1,0
Straight,1,0
Straight,1,0
Straight,1,0
Straight,1,0
Straight,1,0
Straight,1,0
Straight,1,0
Straight,1,0
Straight,1,0
Straight,1,0
Straight,1,0
Straight,1,0
Straight,1,0
Straight,1,0
Straight,1,0
Straight,1,0
Straight,1,0
Straight,1,0
Straight,1,0
Straight,1,0
Straight,1,0
Straight,1,0
Straight,1,0
Straight,1,0
Straight,1,0
Straight,1,0
Straight,1,0
Straight,1,0
Straight,1,0
Straight,1,0
Straight,1,0
Straight,1,0
Straight,1,0
Straight,1,0
Straight,1,0
Straight,1,0
Straight,1,0
Straight,1,0
Straight,1,0
Straight,1,0
Straight,1,0
Straight,1,0
Straight,1,0
Straight,1,0
Straight,1,0
Straight,1,0
Straight,1,0
Straight,1,0
Straight,1,0
Straight,1,0
Straight,1,0
Straight,1,0
Straight,1,0
Straight,1,0
Straight,1,0
Straight,1,0
Straight,1,0
Straight,1,0
Straight,1,0
Straight,1,0
Straight,1,0
Straight,1,0
Straight,1,0
Straight,1,0
Straight,1,0
Straight,1,0
Straight,1,0
Straight,1,0
Straight,1,0
Straight,1,0
Straight,1,0
Straight,1,0
Straight,1,0
Straight,1,0
Straight,1,0
Straight,1,0
Straight,1,0
Straight,1,0
Straight,1,0
Straight,1,0
Straight,1,0
Straight,1,0
Straight,1,0
Straight,1,0
Straight,1,0
Straight,1,0
Straight,1,0
Straight,1,0
Straight,1,0
Straight,1,0
Straight,1,0
Straight,1,0
Straight,1,0
Straight,1,0
Straight,1,0
Straight,1,0
Straight,1,0
Straight,1,0
Straight,1,0
Straight,1,0
Straight,1,0
Straight,1,0
Straight,1,0
Straight,1,0
Straight,1,0
Straight,1,0
Straight,1,0
Straight,1,0
Straight,1,0
Straight,1,0
Left,1,1962.796
Left,1,1362.344
Left,1,1136.676
Left,1,1373.39
Left,1,1457.733
Left,1,1870.714
Left,1,1325.329
Left,1,951.668
Left,1,1148.882
Left,1,894.433
Left,1,795.654
Left,1,762.874
Left,1,731.894
Left,1,1713.558
Left,1,1852.959
Left,1,734.218
Left,1,560.445
Left,1,431.017
Left,1,262.431
Left,1,527.703
Left,1,346.738
Left,1,277.061
Left,1,355.828
Left,1,186.628
Left,1,187.908
Left,1,160.663
Left,1,142.855
Left,1,148.539
Left,1,121.28
Left,1,124.04
Left,1,112.518
Left,1,117.896
Left,1,116.086
Left,1,114.25
Left,1,134.925
Left,1,119.214
Left,1,117.358
Left,1,130.099
Left,1,113.827
Left,1,121.8
Left,1,131.906
Left,1,106.586
Left,1,114.269
Left,1,94.58
Left,1,100.063
Left,1,89.737
Left,1,87.027
Left,1,82.045
Left,1,73.625
Left,1,70.38
Left,1,69.322
Left,1,69.569
Left,1,66.27
Left,1,65.654
Left,1,62.636
Left,1,58.107
Left,1,56.334
Left,1,52.214
Left,1,47.762
Left,1,47.083
Left,1,47
Left,1,45.302
Left,1,45.805
Left,1,48.57
Left,1,49.556
Left,1,47.544
Left,1,49.281
Left,1,52.076
Left,1,54.363
Left,1,54.66
Left,1,51.367
Left,1,49.655
Left,1,48.567
Left,1,47.125
Left,1,46.665
Left,1,47.199
Left,1,46.936
Left,1,47.856
Left,1,53.263
Left,1,58.336
Left,1,65.97
Left,1,57.173
Left,1,50.245
Left,1,47.018
Left,1,46.322
Left,1,48.95
Left,1,58.247
Left,1,59.09
Left,1,58.636
Left,1,54.275
Left,1,56.134
Left,1,60.757
Left,1,73.749
Left,1,85.26
Left,1,94.675
Left,1,92.756
Left,1,87.877
Left,1,82.851
Left,1,78.573
Left,1,75.475
Left,1,74.005
Left,1,78.243
Left,1,76.553
Left,1,80.452
Left,1,81.211
Left,1,85.718
Left,1,91.444
Left,1,101.848
Left,1,111.741
Left,1,120.022
Left,1,126.304
Left,1,114.152
Left,1,106.005
Left,1,96.853
Left,1,95.199
Left,1,91.242
Left,1,92.053
Left,1,93.625
Left,1,94.447
Left,1,96.384
Left,1,94.271
Left,1,97.745
Left,1,93.678
Left,1,96.216
Left,1,96.121
Left,1,98.7
Left,1,101.835
Left,1,107.649
Left,1,113.572
Left,1,113.395
Left,1,120.721
Left,1,116.116
Left,1,122.163
Left,1,118.622
Left,1,124.152
Left,1,121.839
Left,1,124.766
Left,1,130.668
Left,1,129.65
Left,1,142.37
Left,1,141.63
Left,1,155.648
Left,1,160.549
Left,1,163.099
Left,1,160.516
Left,1,174.324
Left,1,169.744
Left,1,168.77
Left,1,184.504
Left,1,184.342
Left,1,206.079
Left,1,216.308
Left,1,246.046
Left,1,244.803
Left,1,281.909
Left,1,439.731
Left,1,355.352
Left,1,491.804
Left,1,915.412
Left,1,1237.243
Straight,1,0
Straight,1,0
Straight,1,0
Right,1,804.679
Right,1,667.694
Right,1,515.642
Right,1,506.366
Right,1,454.1
Right,1,346.873
Right,1,332.56
Right,1,275.3
Right,1,268.369
Right,1,238.554
Right,1,221.538
Right,1,210.789
Right,1,190.161
Right,1,182.33
Right,1,163.541
Right,1,156.929
Right,1,148.485
Right,1,146.602
Right,1,140.965
Right,1,144.602
Right,1,143.999
Right,1,145.89
Right,1,147.372
Right,1,143.229
Right,1,142.606
Right,1,136.315
Right,1,134.411
Right,1,130.421
Right,1,133.695
Right,1,134.861
Right,1,138.943
Right,1,140.723
Right,1,143.769
Right,1,141.688
Right,1,142.06
Right,1,140.957
Right,1,138.946
Right,1,138.846
Right,1,139.189
Right,1,141.422
Right,1,141.404
Right,1,143.583
Right,1,144.922
Right,1,144.491
Right,1,143.939
Right,1,144.161
Right,1,145.141
Right,1,144.371
Right,1,141.135
Right,1,140.512
Right,1,134.336
Right,1,129.674
Right,1,124.464
Right,1,124.59
Right,1,122.299
Right,1,125.299
Right,1,128.273
Right,1,135.101
Right,1,140.071
Right,1,145.169
Right,1,152.154
Right,1,151.546
Right,1,149.931
Right,1,146.263
Right,1,142.589
Right,1,133.743
Right,1,131.901
Right,1,125.96
Right,1,126.832
Right,1,127.051
Right,1,129.3
Right,1,130.39
Right,1,131.093
Right,1,130.746
Right,1,130.985
Right,1,130.15
Right,1,126.522
Right,1,128.195
Right,1,127.571
Right,1,130.017
Right,1,132.842
Right,1,134.86
Right,1,136.118
Right,1,136.283
Right,1,139.088
Right,1,137.509
Right,1,143.591
Right,1,142.756
Right,1,150.355
Right,1,153.785
Right,1,160.637
Right,1,161.751
Right,1,160.809
Right,1,161.71
Right,1,148.937
Right,1,147.771
Right,1,142.782
Right,1,140.238
Right,1,143.409
Right,1,144.105
Right,1,144.853
Right,1,149.601
Right,1,144.768
Right,1,144.516
Right,1,153.081
Right,1,146.709
Right,1,154.305
Right,1,158.934
Right,1,156.151
Right,1,159.249
Right,1,156.006
Right,1,150.247
Right,1,148.626
Right,1,149.7
Right,1,147.131
Right,1,150.379
Right,1,146.619
Right,1,150.287
Right,1,149.491
Right,1,151.705
Right,1,153.071
Right,1,153.777
Right,1,155.841
Right,1,151.888
Right,1,156.648
Right,1,152.832
Right,1,159.779
Right,1,156.613
Right,1,159.29
Right,1,157.997
Right,1,155.401
Right,1,154.111
Right,1,149.646
Right,1,156.259
Right,1,160.492
Right,1,163.762
Right,1,152.721
Right,1,150.721
Right,1,148.608
Right,1,158.389
Right,1,166.626
Right,1,156.949
Right,1,156.706
Right,1,156.749
Right,1,153.125
Right,1,151.372
Right,1,156.208
Right,1,155.278
Right,1,155.664
Right,1,159.699
Right,1,161.987
Right,1,165.674
Right,1,167.086
Right,1,174.586
Right,1,175.619
Right,1,181.196
Right,1,186.626
Right,1,191.5
Right,1,198.063
Right,1,204.939
Right,1,212.159
Right,1,212.538
Right,1,218.643
Right,1,214.937
Right,1,215.488
Right,1,212.109
Right,1,210.918
Right,1,209.328
Right,1,209.84
Right,1,210.305
Right,1,210.794
Right,1,214.806
Right,1,215.019
Right,1,215.518
Right,1,215.637
Right,1,219.921
Right,1,221.85
Right,1,228.44
Right,1,232.903
Right,1,237.555
Right,1,247.033
Right,1,249.659
Right,1,257.932
Right,1,255.261
Right,1,258.836
Right,1,253.553
Right,1,254.635
Right,1,257.107
Right,1,260.42
Right,1,271.552
Right,1,274.948
Right,1,284.401
Right,1,284.741
Right,1,285.791
Right,1,282.538
Right,1,280.777
Right,1,274.393
Right,1,275.731
Right,1,275.463
Right,1,273.771
Right,1,279.476
Right,1,280.681
Right,1,290.075
Right,1,297.273
Right,1,311.253
Right,1,315.269
Right,1,315.945
Right,1,319.755
Right,1,320.474
Right,1,324.244
Right,1,328.525
Right,1,345.32
Right,1,359.08
Right,1,390.672
Right,1,414.658
Right,1,429.01
Right,1,457.773
Right,1,482.269
Right,1,474.397
Right,1,474.95
Right,1,509.654
Right,1,501.136
Right,1,562.105
Right,1,624.958
Right,1,706.204
Right,1,809.733
Right,1,1055.302
Right,1,1139.367
Right,1,1099.002
Right,1,1057.743
Right,1,953.868
Right,1,986.863
Right,1,1022.001
Right,1,1022.966
Right,1,1023.181
Right,1,1065.083
Right,1,1251.623
Right,1,1374.41
Right,1,1608.672
Right,1,1613.875
Right,1,1815.609
Right,1,1532.596
Right,1,1537.06
Right,1,1538.815
Straight,1,0
Straight,1,0
Straight,1,0
Straight,1,0
Straight,1,0
Straight,1,0
Straight,1,0
Straight,1,0
Straight,1,0
Straight,1,0
Straight,1,0
Straight,1,0
Straight,1,0
Straight,1,0
Straight,1,0
Straight,1,0
Straight,1,0
Straight,1,0
Straight,1,0
Right,1,1431.822
Right,1,1508.801
Right,1,1677.815
Right,1,1441.064
Right,1,1516.977
Right,1,1450.926
Right,1,1273.175
Right,1,1057.836
Right,1,1057.407
Right,1,807.95
Right,1,653.831
Right,1,569.075
Right,1,487.582
Right,1,425.253
Right,1,386.591
Right,1,366.803
Right,1,337.587
Right,1,326.331
Right,1,306.023
Right,1,296.72
Right,1,279.75
Right,1,269.291
Right,1,259.581
Right,1,246.512
Right,1,234.764
Right,1,220.661
Right,1,204.023
Right,1,193.057
Right,1,193.117
Right,1,186.277
Right,1,187.218
Right,1,190.886
Right,1,193.062
Right,1,197.734
Right,1,200.259
Right,1,207.074
Right,1,208.198
Right,1,214.232
Right,1,212.372
Right,1,213.789
Right,1,214.536
Right,1,215.564
Right,1,213.223
Right,1,213.112
Right,1,209.827
Right,1,202.49
Right,1,198.102
Right,1,188.802
Right,1,186.172
Right,1,184.573
Right,1,184.226
Right,1,185.026
Right,1,183.436
Right,1,185.585
Right,1,182.86
Right,1,178.176
Right,1,173.374
Right,1,168.191
Right,1,161.282
Right,1,154.877
Right,1,153.977
Right,1,152.723
Right,1,153.361
Right,1,158.13
Right,1,157.978
Right,1,153.05
Right,1,152.608
Right,1,150.525
Right,1,150.185
Right,1,150.169
Right,1,150.444
Right,1,150.363
Right,1,150.217
Right,1,149.78
Right,1,149.279
Right,1,148.666
Right,1,147.845
Right,1,148.759
Right,1,150.073
Right,1,153.462
Right,1,157.764
Right,1,157.402
Right,1,158.926
Right,1,155.678
Right,1,153.442
Right,1,148.535
Right,1,143.853
Right,1,143.441
Right,1,143.441
Right,1,143.33
Right,1,143.473
Right,1,143.362
Right,1,142.982
Right,1,142.745
Right,1,142.335
Right,1,142.288
Right,1,142.335
Right,1,142.24
Right,1,142.272
Right,1,141.799
Right,1,141.972
Right,1,142.035
Right,1,142.493
Right,1,146.272
Right,1,157.023
Right,1,179.737
Right,1,181.266
Right,1,174.687
Right,1,167.509
Right,1,150.109
Right,1,142.162
Right,1,141.972
Right,1,139.51
Right,1,140.088
Right,1,140.48
Right,1,140.746
Right,1,141.186
Right,1,165.225
Right,1,175.265
Right,1,180.899
Right,1,186.573
Right,1,167.067
Right,1,152.227
Right,1,146.458
Right,1,143.48
Right,1,140.95
Right,1,145.989
Right,1,147.488
Right,1,149.329
Right,1,155.875
Right,1,164.323
Right,1,168.638
Right,1,175.499
Right,1,183.951
Right,1,189.57
Right,1,194.308
Right,1,197.538
Right,1,202.428
Right,1,199.488
Right,1,204.328
Right,1,201.915
Right,1,197.225
Right,1,201.212
Right,1,202.918
Right,1,206.775
Right,1,205.35
Right,1,209.53
Right,1,206.23
Right,1,201.582
Right,1,197.705
Right,1,193.28
Right,1,191.251
Right,1,185.802
Right,1,185.249
Right,1,178.932
Right,1,181.819
Right,1,180.582
Right,1,184.987
Right,1,189.313
Right,1,196.635
Right,1,203.144
Right,1,208.003
Right,1,212.172
Right,1,213.81
Right,1,216.033
Right,1,209.334
Right,1,213.205
Right,1,204.753
Right,1,205.394
Right,1,203.806
Right,1,204.092
Right,1,205.704
Right,1,209.116
Right,1,209.589
Right,1,210.04
Right,1,212.009
Right,1,213.826
Right,1,217.36
Right,1,214.216
Right,1,216.226
Right,1,216.597
Right,1,223.593
Right,1,227.799
Right,1,233.815
Right,1,249.836
Right,1,240.915
Right,1,235.366
Right,1,229.726
Right,1,222.375
Right,1,215.938
Right,1,221.409
Right,1,223.18
Right,1,226.056
Right,1,241.851
Right,1,244.161
Right,1,253.951
Right,1,258.72
Right,1,269.456
Right,1,264.587
Right,1,264.671
Right,1,255.402
Right,1,257.507
Right,1,251.199
Right,1,234.245
Right,1,263.881
Right,1,257.479
Right,1,266.907
Right,1,277.011
Right,1,270.614
Right,1,286.761
Right,1,301.411
Right,1,308.797
Right,1,319.291
Right,1,334.946
Right,1,369.145
Right,1,365.388
Right,1,352.976
Right,1,381.359
Right,1,376.485
Right,1,371.542
Right,1,377.269
Right,1,381.796
Right,1,393.259
Right,1,398.315
Right,1,429.473
Right,1,417.332
Right,1,444.556
Right,1,457.737
Right,1,474.463
Right,1,466.353
Right,1,490.989
Right,1,491.496
Right,1,509.232
Right,1,538.062
Right,1,558.309
Right,1,617.483
Right,1,617.483
Right,1,660.754
Right,1,676.954
Right,1,727.757
Right,1,786.744
Right,1,880.656
Right,1,1034.081
Right,1,1111.59
Right,1,1252.46
Right,1,1252.973
Right,1,1432.848
Right,1,1435.486
Right,1,1674.049
Right,1,1777.961
Straight,1,0
Straight,1,0
Straight,1,0
Straight,1,0
Straight,1,0
Straight,1,0
Straight,1,0
Straight,1,0
Straight,1,0
Straight,1,0
Straight,1,0
Straight,1,0
Straight,1,0
Straight,1,0
Straight,1,0
Straight,1,0
Straight,1,0
Straight,1,0
Straight,1,0
Straight,1,0
Left,1,1946.955
Left,1,1642.013
Left,1,1485.183
Left,1,1249.309
Left,1,1201.62
Left,1,1010.948
Left,1,980.141
Left,1,873.769
Left,1,874.905
Left,1,852.451
Left,1,831.677
Left,1,790.329
Left,1,737.612
Left,1,737.245
Left,1,662.49
Left,1,648.776
Left,1,600.886
Left,1,589.876
Left,1,569.488
Left,1,570.506
Left,1,524.575
Left,1,508.829
Left,1,472.35
Left,1,440.868
Left,1,403.049
Left,1,375.336
Left,1,351.031
Left,1,333.397
Left,1,317.555
Left,1,303.014
Left,1,292.93
Left,1,290.8
Left,1,281.849
Left,1,277.317
Left,1,268.935
Left,1,266.697
Left,1,254.417
Left,1,247.055
Left,1,238.104
Left,1,231.895
Left,1,225.674
Left,1,223.234
Left,1,225.125
Left,1,222.515
Left,1,227.552
Left,1,227.907
Left,1,232.688
Left,1,225.33
Left,1,223.079
Left,1,218.017
Left,1,214.139
Left,1,211.538
Left,1,210.232
Left,1,209.024
Left,1,210.725
Left,1,206.834
Left,1,199.63
Left,1,193.472
Left,1,187.664
Left,1,183.387
Left,1,183.351
Left,1,184.339
Left,1,188.497
Left,1,194.402
Left,1,202.632
Left,1,211.012
Left,1,220.688
Left,1,219.376
Left,1,223.299
Left,1,219.914
Left,1,212.633
Left,1,205.304
Left,1,201.703
Left,1,195.107
Left,1,190.719
Left,1,191.59
Left,1,190.514
Left,1,192.679
Left,1,193.611
Left,1,200.521
Left,1,204
Left,1,210.705
Left,1,214.8
Left,1,214.927
Left,1,211.782
Left,1,211.719
Left,1,210.25
Left,1,206.076
Left,1,204.719
Left,1,204.619
Left,1,199.597
Left,1,198.205
Left,1,193.543
Left,1,192.246
Left,1,187.653
Left,1,186.428
Left,1,185.18
Left,1,183.034
Left,1,179.894
Left,1,179.628
Left,1,179.593
Left,1,179.434
Left,1,179.363
Left,1,179.203
Left,1,179.009
Left,1,178.885
Left,1,178.602
Left,1,178.691
Left,1,178.408
Left,1,179.547
Left,1,184.268
Left,1,186.41
Left,1,187.222
Left,1,183.684
Left,1,178.482
Left,1,177.262
Left,1,177.156
Left,1,179.147
Left,1,181.345
Left,1,186.023
Left,1,190.378
Left,1,194.605
Left,1,195.451
Left,1,195.2
Left,1,196.897
Left,1,193.429
Left,1,190.045
Left,1,190.946
Left,1,199.362
Left,1,191.679
Left,1,195.066
Left,1,200.099
Left,1,195.528
Left,1,197.062
Left,1,203.78
Left,1,207.613
Left,1,209.807
Left,1,211.241
Left,1,207.264
Left,1,206.039
Left,1,202.084
Left,1,195.455
Left,1,197.696
Left,1,199.969
Left,1,206.092
Left,1,213.49
Left,1,227.453
Left,1,232.882
Left,1,232.658
Left,1,232.727
Left,1,231.127
Left,1,219.233
Left,1,210.505
Left,1,211.431
Left,1,216.978
Left,1,227.31
Left,1,226.809
Left,1,229.873
Left,1,237.339
Left,1,254.586
Left,1,265.179
Left,1,274.923
Left,1,291.838
Left,1,302.151
Left,1,287.794
Left,1,279.989
Left,1,268.932
Left,1,248.679
Left,1,235.347
Left,1,226.698
Left,1,216.648
Left,1,216.093
Left,1,220.362
Left,1,229.532
Left,1,242.904
Left,1,246.222
Left,1,242.357
Left,1,228.892
Left,1,218.376
Left,1,208.206
Left,1,206.804
Left,1,210.141
Left,1,208.896
Left,1,207.423
Left,1,203.696
Left,1,202.832
Left,1,203.059
Left,1,220.874
Left,1,239.809
Left,1,294.469
Left,1,397.818
Left,1,312.15
Left,1,334.229
Left,1,536.948
Left,1,358.73
Left,1,358.047
Left,1,411.622
Left,1,259.494
Left,1,293.503
Left,1,244.552
Left,1,215.442
Left,1,247.896
Left,1,189.962
Left,1,196.636
Left,1,185.746
Left,1,166.982
Left,1,181.23
Left,1,173.924
Left,1,166.506
Left,1,165.061
Left,1,139.091
Left,1,132.815
Left,1,117.706
Left,1,122.103
Left,1,115.788
Left,1,114.895
Left,1,110.763
Left,1,108.095
Left,1,107.582
Left,1,105.609
Left,1,111.288
Left,1,110.001
Left,1,100.624
Left,1,108.944
Left,1,87.664
Left,1,88.652
Left,1,90.14
Left,1,78.143
Left,1,87.873
Left,1,70.985
Left,1,85.192
Left,1,67.343
Left,1,69.846
Left,1,59.18
Left,1,63.435
Left,1,63.796
Left,1,66.82
Left,1,64.532
Left,1,62.027
Left,1,58.842
Left,1,55.404
Left,1,54.176
Left,1,52.464
Left,1,49.433
Left,1,49.946
Left,1,50.45
Left,1,52.664
Left,1,53.946
Left,1,56.534
Left,1,57.615
Left,1,61.296
Left,1,59.627
Left,1,54.331
Left,1,50.844
Left,1,50.555
Left,1,51.571
Left,1,47.793
Left,1,44.672
Left,1,42.816
Left,1,40.775
Left,1,38.718
Left,1,39.326
Left,1,38.849
Left,1,40.478
Left,1,39.534
Left,1,39.328
Left,1,36.97
Left,1,35.796
Left,1,36.766
Left,1,38.488
Left,1,39.461
Left,1,37.821
Left,1,36.807
Left,1,39.237
Left,1,44.279
Left,1,47.131
Left,1,45.554
Left,1,43.393
Left,1,44.138
Left,1,48.256
Left,1,56.395
Left,1,60.732
Left,1,61.525
Left,1,60.254
Left,1,58.823
Left,1,55.519
Left,1,53.891
Left,1,60.982
Left,1,57.973
Left,1,57.925
Left,1,59.832
Left,1,59.08
Left,1,60.28
Left,1,60.736
Left,1,63.146
Left,1,61.751
Left,1,65.442
Left,1,61.588
Left,1,64.035
Left,1,63.775
Left,1,66.989
Left,1,73.895
Left,1,75.176
Left,1,79.265
Left,1,79.36
Left,1,78.299
Left,1,76.655
Left,1,81.479
Left,1,88.349
Left,1,99.584
Left,1,110.503
Left,1,123.023
Left,1,127.127
Left,1,133.818
Left,1,129.052
Left,1,129.101
Left,1,127.739
Left,1,123.089
Left,1,117.113
Left,1,113.784
Left,1,110.475
Left,1,111.226
Left,1,112.679
Left,1,116.241
Left,1,118.356
Left,1,118.505
Left,1,118.956
Left,1,120.434
Left,1,123.252
Left,1,128.245
Left,1,137.068
Left,1,141.332
Left,1,148.441
Left,1,144.586
Left,1,145.397
Left,1,150.043
Left,1,163.927
Left,1,176.032
Left,1,189.187
Left,1,195.072
Left,1,192.365
Left,1,184.638
Left,1,173.856
Left,1,172.287
Left,1,173.377
Left,1,192.505
Left,1,205.86
Left,1,224.738
Left,1,250.767
Left,1,268.127
Left,1,268.489
Left,1,267.233
Left,1,257.938
Left,1,254.503
Left,1,260.209
Left,1,267.036
Left,1,296.898
Left,1,357.182
Left,1,422.655
Left,1,469.222
Left,1,447.964
Left,1,782.099
Left,1,593.276
Left,1,463.628
Left,1,730.828
Left,1,735.123
Left,1,602.553
Left,1,741.578
Left,1,703.951
Left,1,1400.487
Left,1,1908.92
Straight,1,0
Straight,1,0
Straight,1,0
Straight,1,0
Straight,1,0
Straight,1,0
Right,1,1141.328
Right,1,1243.826
Right,1,1012.584
Right,1,1023.052
Right,1,865.464
Right,1,662.127
Right,1,571.507
Right,1,462.159
Right,1,441.938
Right,1,401.822
Right,1,361.284
Right,1,345.878
Right,1,328.861
Right,1,318.014
Right,1,315.622
Right,1,321.467
Right,1,306.066
Right,1,308.62
Right,1,299.396
Right,1,282.148
Right,1,261.228
Right,1,245.966
Right,1,239.438
Right,1,226.081
Right,1,220.683
Right,1,214.554
Right,1,217.993
Right,1,208.493
Right,1,220.256
Right,1,218.574
Right,1,223.022
Right,1,217.412
Right,1,219.419
Right,1,217.177
Right,1,213.257
Right,1,204.347
Right,1,203.737
Right,1,199.927
Right,1,197.942
Right,1,197.959
Right,1,196.234
Right,1,197.761
Right,1,193.795
Right,1,189.639
Right,1,180.803
Right,1,178.422
Right,1,171.463
Right,1,170.447
Right,1,170.194
Right,1,170.684
Right,1,168.742
Right,1,171.495
Right,1,172.931
Right,1,174.236
Right,1,176.831
Right,1,180.603
Right,1,182.629
Right,1,183.035
Right,1,182.461
Right,1,184.732
Right,1,184.324
Right,1,188.824
Right,1,190.283
Right,1,193.539
Right,1,201.305
Right,1,205.739
Right,1,212.687
Right,1,220.253
Right,1,227.917
Right,1,225.983
Right,1,227.682
Right,1,220.473
Right,1,219.881
Right,1,210.911
Right,1,204.005
Right,1,200.935
Right,1,197.291
Right,1,198.191
Right,1,198.57
Right,1,205.087
Right,1,211.701
Right,1,221.633
Right,1,223.823
Right,1,225.551
Right,1,220.476
Right,1,217.594
Right,1,211.294
Right,1,207.613
Right,1,210.722
Right,1,206.429
Right,1,213.894
Right,1,218.121
Right,1,223.479
Right,1,228.357
Right,1,229.238
Right,1,234.279
Right,1,232.476
Right,1,237.607
Right,1,231.596
Right,1,234.754
Right,1,230.257
Right,1,231.324
Right,1,233.076
Right,1,230.324
Right,1,234.506
Right,1,238.108
Right,1,243.107
Right,1,248.8
Right,1,255.349
Right,1,258.095
Right,1,271.426
Right,1,273.728
Right,1,282.243
Right,1,285.206
Right,1,286.474
Right,1,286.833
Right,1,289.885
Right,1,282.839
Right,1,297.499
Right,1,288.693
Right,1,270.333
Right,1,282.371
Right,1,276.021
Right,1,251.118
Right,1,283.981
Right,1,332.617
Right,1,288.965
Right,1,273.734
Right,1,312.803
Right,1,300.68
Right,1,288.349
Right,1,312.353
Right,1,318.298
Right,1,302.586
Right,1,317.693
Right,1,329.679
Right,1,322.739
Right,1,337.152
Right,1,353.751
Right,1,365.031
Right,1,381.715
Right,1,387.541
Right,1,360.17
Right,1,346.566
Right,1,324.739
Right,1,302.887
Right,1,303.222
Right,1,304.228
Right,1,301.121
Right,1,305.639
Right,1,314.107
Right,1,311.015
Right,1,308.369
Right,1,308.977
Right,1,305.819
Right,1,302.536
Right,1,299.359
Right,1,303.562
Right,1,303.761
Right,1,305.188
Right,1,305.453
Right,1,314.276
Right,1,321.674
Right,1,326.764
Right,1,335.442
Right,1,331.767
Right,1,337.042
Right,1,328.821
Right,1,322.832
Right,1,307.694
Right,1,306.273
Right,1,289.11
Right,1,284.795
Right,1,278.236
Right,1,268.877
Right,1,260.804
Right,1,259.563
Right,1,259.896
Right,1,258.321
Right,1,263.859
Right,1,271.996
Right,1,275.802
Right,1,287.145
Right,1,288.184
Right,1,291.278
Right,1,291.711
Right,1,295.063
Right,1,289.04
Right,1,292.794
Right,1,298.581
Right,1,303.039
Right,1,308.392
Right,1,322.775
Right,1,337.257
Right,1,354.537
Right,1,368.005
Right,1,374.125
Right,1,381.667
Right,1,390.572
Right,1,381.964
Right,1,342.665
Right,1,333.57
Right,1,312.915
Right,1,293.885
Right,1,292.644
Right,1,299.177
Right,1,283.983
Right,1,290.282
Right,1,293.778
Right,1,267.065
Right,1,279.07
Right,1,288.633
Right,1,258.274
Right,1,271.192
Right,1,305.922
Right,1,293.181
Right,1,331.666
Right,1,403.872
Right,1,405.199
Right,1,406.59
Right,1,408.781
Right,1,349.806
Right,1,305.999
Right,1,288.558
Right,1,257.535
Right,1,247.433
Right,1,240.463
Right,1,224.536
Right,1,215.852
Right,1,208.433
Right,1,195.382
Right,1,182.204
Right,1,173.529
Right,1,176.873
Right,1,169.104
Right,1,161.874
Right,1,143.718
Right,1,149.315
Right,1,143.54
Right,1,150.674
Right,1,158.878
Right,1,150.935
Right,1,148.998
Right,1,140.859
Right,1,136.141
Right,1,137.318
Right,1,134.448
Right,1,131.65
Right,1,124.655
Right,1,119.988
Right,1,112.827
Right,1,111.26
Right,1,98.182
Right,1,102.788
Right,1,94.517
Right,1,98.692
Right,1,80.757
Right,1,83.872
Right,1,77.685
Right,1,77.894
Right,1,74.351
Right,1,78.81
Right,1,74.994
Right,1,72.25
Right,1,70.72
Right,1,68.445
Right,1,67.675
Right,1,64.798
Right,1,61.732
Right,1,61.196
Right,1,59.435
Right,1,62.716
Right,1,62.922
Right,1,61.93
Right,1,57.221
Right,1,53.796
Right,1,51.024
Right,1,50.36
Right,1,49.836
Right,1,50.35
Right,1,49.132
Right,1,47.306
Right,1,46.729
Right,1,46.566
Right,1,47.032
Right,1,47.823
Right,1,45.724
Right,1,44.184
Right,1,42.862
Right,1,42.291
Right,1,42.007
Right,1,42.871
Right,1,42.013
Right,1,42.447
Right,1,41.9
Right,1,44.92
Right,1,43.909
Right,1,45.993
Right,1,44.564
Right,1,45.074
Right,1,44.377
Right,1,43.58
Right,1,44.983
Right,1,50.197
Right,1,56.525
Right,1,61.241
Right,1,56.144
Right,1,48.715
Right,1,53.086
Right,1,58.505
Right,1,68.778
Right,1,79.897
Right,1,65.987
Right,1,59.855
Right,1,50.885
Right,1,50.36
Right,1,52.33
Right,1,63.947
Right,1,64.604
Right,1,66.419
Right,1,64.781
Right,1,62.611
Right,1,65.064
Right,1,64.236
Right,1,68.528
Right,1,67.607
Right,1,69.527
Right,1,69.122
Right,1,72.704
Right,1,77.461
Right,1,79.608
Right,1,84.344
Right,1,85.053
Right,1,89.393
Right,1,86.949
Right,1,94.067
Right,1,95.243
Right,1,97.154
Right,1,98.114
Right,1,97.469
Right,1,96.676
Right,1,96.431
Right,1,100.677
Right,1,104.695
Right,1,113.175
Right,1,117.125
Right,1,123.385
Right,1,116.577
Right,1,119.284
Right,1,120.694
Right,1,122.388
Right,1,128.78
Right,1,130.505
Right,1,140.429
Right,1,135.752
Right,1,136.216
Right,1,127.367
Right,1,124.001
Right,1,125.046
Right,1,133.761
Right,1,150.186
Right,1,168.618
Right,1,208.561
Right,1,224.709
Right,1,254.899
Right,1,249.569
Right,1,263.609
Right,1,274.296
Right,1,277.784
Right,1,284.043
Right,1,275.847
Right,1,323.198
Right,1,304.921
Right,1,407.186
Right,1,386.654
Right,1,440.365
Right,1,470.003
Right,1,529.192
Right,1,594.634
Right,1,516.063
Right,1,691.541
Right,1,542.785
Right,1,737.275
Right,1,568.959
Right,1,678.204
Right,1,744.184
Right,1,1078.477
Right,1,1516.632
Right,1,1877.268
Straight,1,0
Right,1,1200.318
Straight,1,0
Straight,1,0
Right,1,793.062
Right,1,1079.723
Right,1,1549.134
Straight,1,0
Straight,1,0
Straight,1,0
Straight,1,0
Straight,1,0
Straight,1,0
Straight,1,0
Straight,1,0
Straight,1,0
Straight,1,0
Straight,1,0
Straight,1,0
Straight,1,0
Straight,1,0
Straight,1,0
Straight,1,0
Straight,1,0
Straight,1,0
Straight,1,0
Straight,1,0
Straight,1,0
Straight,1,0
Straight,1,0
Straight,1,0
Straight,1,0
Straight,1,0
Straight,1,0
Straight,1,0
Straight,1,0
Straight,1,0
Straight,1,0
Straight,1,0
Straight,1,0
Straight,1,0
Straight,1,0
Straight,1,0
Straight,1,0
Straight,1,0
Straight,1,0
Straight,1,0
Straight,1,0
Straight,1,0
Straight,1,0
Straight,1,0
Straight,1,0
Straight,1,0
Straight,1,0
Straight,1,0
Straight,1,0
Straight,1,0
Straight,1,0
Straight,1,0
Straight,1,0
Straight,1,0
Straight,1,0
Straight,1,0
Left,1,1711.276
Straight,1,0
Left,1,1581.79
Left,1,1883.985
Left,1,1479.18
Left,1,1736.575
Left,1,1607.328
Left,1,1755.617
Left,1,1752.615
Straight,1,0
Straight,1,0
Straight,1,0
Straight,1,0
Straight,1,0
Straight,1,0
Straight,1,0
Straight,1,0
Straight,1,0
Straight,1,0
Straight,1,0
Straight,1,0
Straight,1,0
Straight,1,0
Straight,1,0
Straight,1,0
Straight,1,0
Straight,1,0
Straight,1,0
Straight,1,0
Left,1,1741.983
Straight,1,0
Left,1,1900.518
Straight,1,0
Left,1,1766.296
Left,1,1923.131
Left,1,1921.11
Straight,1,0
Straight,1,0
Straight,1,0
Straight,1,0
Straight,1,0
Left,1,1816.685
Left,1,1571.917
Left,1,1581.737
Left,1,1575.914
Left,1,1830.971
Straight,1,0
Straight,1,0
Straight,1,0
Straight,1,0
Left,1,1863.107
Straight,1,0
Straight,1,0
Straight,1,0
Straight,1,0
Straight,1,0
Straight,1,0
Straight,1,0
Left,1,1717.825
Straight,1,0
Straight,1,0
Left,1,1752.183
Left,1,1615.245
Straight,1,0
Straight,1,0
Left,1,1565.45
Left,1,1808.79
Straight,1,0
Left,1,1463.802
Left,1,1243.393
Straight,1,0
Straight,1,0
Left,1,1155.543
Left,1,1696.871
Left,1,1211.646
Left,1,903.387
Left,1,1060.191
Left,1,1214.342
Left,1,922.224
Left,1,1074.503
Left,1,1125.435
Left,1,990.644
Left,1,993.384
Left,1,1124.319
Left,1,1037.799
Left,1,1187.252
Left,1,1453.476
Left,1,1548.271
Left,1,1640.724
Left,1,1882.099
Straight,1,0
Straight,1,0
Straight,1,0
Straight,1,0
Straight,1,0
Straight,1,0
Straight,1,0
Straight,1,0
Straight,1,0
Straight,1,0
Straight,1,0
Straight,1,0
Straight,1,0
Straight,1,0
Straight,1,0
Straight,1,0
Straight,1,0
Straight,1,0
Straight,1,0
Straight,1,0
Straight,1,0
Straight,1,0
Straight,1,0
Straight,1,0
Right,1,1598.356
Right,1,1391.636
Right,1,1165.765
Right,1,1351.962
Right,1,1192.867
Right,1,1050.212
Right,1,1004.436
Right,1,740.867
Right,1,697.449
Right,1,739.043
Right,1,590.578
Right,1,476.384
Right,1,545.637
Right,1,535.805
Right,1,612.365
Right,1,717.787
Right,1,639.522
Right,1,653.972
Right,1,697.357
Right,1,644.99
Right,1,608.141
Right,1,626.834
Right,1,651.705
Right,1,672.434
Right,1,708.461
Right,1,372.513
Right,1,329.783
Right,1,293.193
Right,1,257.527
Right,1,297.947
Right,1,275.744
Right,1,320.553
Right,1,212.779
Right,1,195.671
Right,1,194.691
Right,1,178.496
Right,1,185.583
Right,1,171.49
Right,1,168.35
Right,1,159.504
Right,1,165.473
Right,1,173.186
Right,1,172.362
Right,1,180.548
Right,1,185.963
Right,1,171.047
Right,1,148.775
Right,1,138.508
Right,1,136.94
Right,1,140.425
Right,1,133.318
Right,1,149.205
Right,1,98.964
Right,1,121.22
Right,1,87.736
Right,1,98.73
Right,1,84.306
Right,1,96.299
Right,1,91.684
Right,1,88.752
Right,1,95.751
Right,1,90.692
Right,1,89.237
Right,1,81.247
Right,1,83.168
Right,1,74.543
Right,1,73.745
Right,1,76.212
Right,1,83.413
Right,1,83.863
Right,1,84.85
Right,1,78.064
Right,1,68.43
Right,1,62.054
Right,1,59.045
Right,1,59.374
Right,1,62.337
Right,1,68.369
Right,1,68.398
Right,1,64.61
Right,1,58.059
Right,1,53.409
Right,1,53.464
Right,1,53.321
Right,1,54.744
Right,1,57.541
Right,1,57.339
Right,1,54.234
Right,1,49.434
Right,1,46.797
Right,1,47.5
Right,1,52.259
Right,1,55.075
Right,1,51.609
Right,1,48.98
Right,1,47.469
Right,1,46.326
Right,1,50.145
Right,1,50.084
Right,1,52.922
Right,1,52.862
Right,1,48.738
Right,1,50.51
Right,1,51.155
Right,1,54.983
Right,1,62.253
Right,1,64.308
Right,1,81.28
Right,1,74.585
Right,1,73.539
Right,1,77.591
Right,1,87.7
Right,1,103.58
Right,1,109.268
Right,1,109.297
Right,1,98.567
Right,1,89.092
Right,1,84.209
Right,1,90.114
Right,1,96.408
Right,1,104.404
Right,1,106.143
Right,1,117.18
Right,1,128.042
Right,1,147.044
Right,1,180.378
Right,1,239.936
Right,1,417.293
Right,1,702.987
Straight,1,0
Left,1,1354.914
Left,1,939.135
Left,1,710.56
Left,1,537.27
Left,1,376.761
Left,1,249.181
Left,1,225.386
Left,1,161.812
Left,1,135.163
Left,1,104.96
Left,1,99.329
Left,1,89.402
Left,1,90.317
Left,1,79.261
Left,1,68.943
Left,1,57.678
Left,1,53.524
Left,1,56.973
Left,1,56.079
Left,1,56.266
Left,1,51.346
Left,1,49.809
Left,1,46.588
Left,1,46.773
Left,1,46.199
Left,1,43.873
Left,1,39.008
Left,1,36.137
Left,1,34.504
Left,1,32.73
Left,1,31.159
Left,1,29.648
Left,1,27.703
Left,1,26.674
Left,1,27.318
Left,1,27.689
Left,1,26.281
Left,1,25.454
Left,1,27.881
Left,1,29.865
Left,1,29.135
Left,1,25.888
Left,1,25.866
Left,1,29.551
Left,1,28.86
Left,1,29.998
Left,1,30.861
Left,1,35.319
Left,1,35.126
Left,1,33.319
Left,1,40.14
Left,1,39.473
Left,1,39.887
Left,1,41.158
Left,1,40.059
Left,1,38.078
Left,1,38.429
Left,1,38.506
Left,1,41.023
Left,1,40.83
Left,1,44.158
Left,1,44.194
Left,1,48.269
Left,1,54.83
Left,1,55.931
Left,1,56.13
Left,1,56.284
Left,1,56.074
Left,1,58.937
Left,1,62.953
Left,1,65.37
Left,1,69.109
Left,1,69.21
Left,1,67.793
Left,1,66.432
Left,1,63.745
Left,1,64.345
Left,1,63.153
Left,1,63.5
Left,1,65.231
Left,1,64.12
Left,1,64.835
Left,1,66.318
Left,1,71.529
Left,1,74.989
Left,1,79.872
Left,1,78.369
Left,1,84.479
Left,1,79.527
Left,1,77.399
Left,1,73.014
Left,1,73.476
Left,1,79.867
Left,1,90.898
Left,1,104.429
Left,1,117.923
Left,1,132.07
Left,1,129.255
Left,1,122.929
Left,1,115.771
Left,1,114.483
Left,1,113.022
Left,1,115.96
Left,1,117.128
Left,1,117.054
Left,1,115.832
Left,1,115.633
Left,1,119.009
Left,1,120.923
Left,1,131.602
Left,1,133.995
Left,1,141.892
Left,1,142.587
Left,1,144.253
Left,1,146.83
Left,1,146.066
Left,1,154.753
Left,1,148.392
Left,1,157.976
Left,1,154.439
Left,1,159.674
Left,1,153.451
Left,1,161.771
Left,1,169.215
Left,1,175.042
Left,1,190.827
Left,1,184.681
Left,1,200.011
Left,1,184.789
Left,1,191.844
Left,1,178.277
Left,1,173.012
Left,1,165.526
Left,1,197.064
Left,1,196.405
Left,1,158.67
Left,1,235.855
Left,1,204.799
Left,1,190.563
Left,1,232.039
Left,1,188.028
Left,1,217.38
Left,1,213.688
Left,1,212.301
Left,1,217.001
Left,1,198.222
Left,1,215.594
Left,1,225.619
Left,1,225.082
Left,1,240.868
Left,1,221.998
Left,1,224.666
Left,1,219.858
Left,1,217.745
Left,1,228.353
Left,1,217.056
Left,1,219.175
Left,1,203.915
Left,1,198.765
Left,1,190.034
Left,1,179.731
Left,1,182.04
Left,1,173.779
Left,1,175.021
Left,1,172.764
Left,1,177.493
Left,1,173.596
Left,1,170.507
Left,1,170.982
Left,1,169.122
Left,1,169.055
Left,1,167.005
Left,1,171.112
Left,1,170.462
Left,1,174.474
Left,1,173.362
Left,1,178.025
Left,1,174.652
Left,1,174.542
Left,1,173.343
Left,1,173.1
Left,1,174.621
Left,1,172.401
Left,1,173.22
Left,1,172.157
Left,1,173.479
Left,1,172.645
Left,1,170.894
Left,1,170.894
Left,1,169.272
Left,1,165.394
Left,1,157.085
Left,1,155.622
Left,1,148.112
Left,1,145.368
Left,1,139.562
Left,1,137.45
Left,1,136.341
Left,1,136.479
Left,1,140.601
Left,1,142.36
Left,1,149.166
Left,1,148.959
Left,1,155.935
Left,1,154.321
Left,1,158.343
Left,1,154.756
Left,1,158.047
Left,1,153.466
Left,1,155.529
Left,1,154.797
Left,1,152.055
Left,1,155.907
Left,1,149.79
Left,1,151.257
Left,1,149.477
Left,1,150.343
Left,1,150.072
Left,1,156.442
Left,1,157.398
Left,1,162.996
Left,1,168.979
Left,1,167.978
Left,1,172.561
Left,1,167.909
Left,1,163.665
Left,1,159.343
Left,1,154.451
Left,1,151.43
Left,1,149.636
Left,1,150.326
Left,1,148.667
Left,1,152.119
Left,1,147.484
Left,1,151.221
Left,1,146.197
Left,1,147.257
Left,1,144.791
Left,1,137.791
Left,1,132.911
Left,1,139.904
Left,1,141.935
Left,1,130.616
Left,1,126.092
Left,1,137.71
Left,1,142.489
Left,1,130.781
Left,1,136.685
Left,1,141.72
Left,1,132.174
Left,1,134.245
Left,1,140.506
Left,1,134.109
Left,1,132.024
Left,1,134.153
Left,1,132.191
Left,1,132.526
Left,1,134.792
Left,1,132.45
Left,1,132.617
Left,1,133.772
Left,1,138.058
Left,1,139.695
Left,1,148.981
Left,1,154.57
Left,1,161.138
Left,1,161.414
Left,1,158.664
Left,1,153.294
Left,1,147.685
Left,1,142.327
Left,1,134.435
Left,1,133.884
Left,1,133.639
Left,1,132.922
Left,1,132.587
Left,1,132.358
Left,1,131.842
Left,1,131.887
Left,1,131.25
Left,1,130.827
Left,1,130.358
Left,1,130.057
Left,1,129.891
Left,1,129.469
Left,1,129.259
Left,1,128.628
Left,1,128.284
Left,1,127.865
Left,1,127.521
Left,1,127.357
Left,1,127.014
Left,1,126.686
Left,1,126.121
Left,1,126.032
Left,1,126.27
Left,1,126.969
Left,1,127.238
Left,1,127.148
Left,1,126.895
Left,1,127.193
Left,1,127.312
Left,1,127.775
Left,1,127.775
Left,1,127.7
Left,1,130.633
Left,1,126.82
Left,1,129.809
Left,1,129.71
Left,1,132.681
Left,1,140.607
Left,1,148.863
Left,1,153.599
Left,1,157.207
Left,1,160.419
Left,1,152.814
Left,1,148.687
Left,1,140.243
Left,1,130.9
Left,1,126.393
Left,1,127.644
Left,1,126.931
Left,1,130.747
Left,1,137.936
Left,1,136.228
Left,1,136.035
Left,1,128.912
Left,1,125.943
Left,1,125.484
Left,1,125.676
Left,1,125.099
Left,1,126.006
Left,1,136.198
Left,1,131.341
Left,1,133.686
Left,1,127.944
Left,1,124.184
Left,1,123.86
Left,1,124.155
Left,1,123.581
Left,1,127.872
Left,1,132.963
Left,1,140.621
Left,1,148.849
Left,1,144.325
Left,1,146.255
Left,1,136.147
Left,1,134.98
Left,1,133.495
Left,1,132.236
Left,1,137.726
Left,1,146.462
Left,1,153.146
Left,1,165.298
Left,1,175
Left,1,171.536
Left,1,178.802
Left,1,170.636
Left,1,164.013
Left,1,156.551
Left,1,149.375
Left,1,144.211
Left,1,140.035
Left,1,141.88
Left,1,139.068
Left,1,141.468
Left,1,138.733
Left,1,140.193
Left,1,138.642
Left,1,138.57
Left,1,141.606
Left,1,141.549
Left,1,147.729
Left,1,144.603
Left,1,151.222
Left,1,146.874
Left,1,148.629
Left,1,146.639
Left,1,145.14
Left,1,141.995
Left,1,135.556
Left,1,134.175
Left,1,134.542
Left,1,134.328
Left,1,135.713
Left,1,146.991
Left,1,151.826
Left,1,165.743
Left,1,176.592
Left,1,182.091
Left,1,180.721
Left,1,180.783
Left,1,175.302
Left,1,174.346
Left,1,176.933
Left,1,180.086
Left,1,190.202
Left,1,198.926
Left,1,204.873
Left,1,210.342
Left,1,202.542
Left,1,196.207
Left,1,182.785
Left,1,175.895
Left,1,170.714
Left,1,168.781
Left,1,167.628
Left,1,164.692
Left,1,163.306
Left,1,163.905
Left,1,158.639
Left,1,155.309
Left,1,153.98
Left,1,148.84
Left,1,149.428
Left,1,147.39
Left,1,151.65
Left,1,153.094
Left,1,162.028
Left,1,162.171
Left,1,170.09
Left,1,174.745
Left,1,178.695
Left,1,181.174
Left,1,187.025
Left,1,189.546
Left,1,190.089
Left,1,191.445
Left,1,190.319
Left,1,191.718
Left,1,196.194
Left,1,204.149
Left,1,219.733
Left,1,240.498
Left,1,270.368
Left,1,333.427
Left,1,420.074
Left,1,568.741
Left,1,819.278
Left,1,777.554
Left,1,651.52
Left,1,568.247
Left,1,415.986
Left,1,332.809
Left,1,285.822
Left,1,265.495
Left,1,243.482
Left,1,266.646
Left,1,259.571
Left,1,290.512
Left,1,341.571
Left,1,393.431
Left,1,442.963
Left,1,484.039
Left,1,501.908
Left,1,542.603
Left,1,510.93
Left,1,476.405
Left,1,475.693
Left,1,437.566
Left,1,484.297
Left,1,474.627
Left,1,513.498
Left,1,629.262
Left,1,771.395
Left,1,1028.856
Left,1,1392.801
Left,1,1867.543
Straight,1,0
Straight,1,0
Straight,1,0
Straight,1,0
Straight,1,0
Left,1,1568.349
Left,1,1761.786
Straight,1,0
Straight,1,0
Straight,1,0
Straight,1,0
Straight,1,0
Straight,1,0
Straight,1,0
Straight,1,0
Straight,1,0
Straight,1,0
Straight,1,0
Straight,1,0
Straight,1,0
Straight,1,0
Left,1,1615.387
Left,1,1527.184
Left,1,1532.915
Left,1,1380.587
Left,1,1390.962
Left,1,1533.074
Left,1,1628.014
Left,1,1625.822
Left,1,1476.469
Left,1,1635.107
Left,1,1340.444
Left,1,1133.987
Left,1,1179.591
Left,1,1285.609
Left,1,1557.87
Left,1,1858.945
Straight,1,0
Straight,1,0
Straight,1,0
Left,1,1773.972
Left,1,1503.567
Left,1,1156.945
Left,1,1155.289
Left,1,1113.298
Left,1,1114.665
Left,1,1076.175
Left,1,1078.375
Left,1,1044.487
Left,1,1045.871
Left,1,1087.31
Left,1,1170.592
Left,1,1273.562
Left,1,1328.261
Left,1,1534.017
Left,1,1613.937
Left,1,1463.781
Left,1,1537.748
Left,1,1398.235
Left,1,1340.149
Left,1,1283.401
Left,1,1345.706
Left,1,1288.855
Left,1,1351.41
Left,1,1242.297
Left,1,1199.933
Left,1,1200.174
Left,1,1116.798
Left,1,1079.694
Left,1,949.393
Left,1,923.04
Left,1,825.63
Left,1,806.959
Left,1,749.319
Left,1,734.75
Left,1,718.481
Left,1,737.759
Left,1,721.495
Left,1,706.515
Left,1,740.701
Left,1,739.524
Left,1,760.298
Left,1,759.468
Left,1,762.412
Left,1,780.156
Left,1,764.53
Left,1,802.518
Left,1,824.481
Left,1,847.937
Left,1,826.44
Left,1,897.965
Left,1,874.903
Left,1,900.98
Left,1,901.423
Left,1,901.867
Left,1,855.915
Left,1,834.297
Left,1,813.759
Left,1,776.991
Left,1,796.333
Left,1,780.352
Left,1,799.855
Left,1,802.521
Left,1,865.877
Left,1,844.831
Left,1,845.491
Left,1,867.572
Left,1,847.888
Left,1,806.449
Left,1,810.23
Left,1,771.041
Left,1,756.53
Left,1,792.016
Left,1,774.35
Left,1,742.022
Left,1,739.647
Left,1,728.077
Left,1,695.848
Left,1,672.04
Left,1,713.484
Left,1,700.245
Left,1,701.193
Left,1,672.365
Left,1,702.55
Left,1,661.543
Left,1,638.178
Left,1,638.363
Left,1,651.643
Left,1,652.334
Left,1,665.83
Left,1,680.324
Left,1,681.044
Left,1,682.157
Left,1,683.271
Left,1,670.131
Left,1,670.838
Left,1,658.19
Left,1,645.338
Left,1,635.029
Left,1,634.542
Left,1,603.278
Left,1,612.642
Left,1,615.05
Left,1,615.697
Left,1,614.991
Left,1,641.248
Left,1,651.418
Left,1,668.389
Left,1,694.199
Left,1,682.403
Left,1,696.779
Left,1,657.026
Left,1,657.339
Left,1,633.436
Left,1,633.977
Left,1,612.605
Left,1,623.721
Left,1,603.014
Left,1,604.388
Left,1,594.144
Left,1,616.974
Left,1,638.562
Left,1,664.165
Left,1,703.816
Left,1,733.627
Left,1,735.778
Left,1,782.683
Left,1,787.276
Left,1,822.186
Left,1,825.525
Left,1,845.419
Left,1,806.459
Left,1,827.625
Left,1,789.578
Left,1,773.649
Left,1,758.114
Left,1,757.331
Left,1,741.693
Left,1,743.018
Left,1,763.065
Left,1,731.617
Left,1,928.176
Left,1,1160.333
Left,1,1023.499
Left,1,753.846
Left,1,857.987
Left,1,1303.855
Left,1,1321.541
Left,1,735.05
Left,1,633.362
Left,1,782.403
Left,1,892.208
Left,1,726.078
Left,1,727.239
Left,1,944.73
Left,1,925.424
Left,1,722.91
Left,1,722.775
Left,1,925.597
Left,1,1055.38
Left,1,859.724
Left,1,925.424
Left,1,1065.385
Left,1,1037.165
Left,1,822.331
Left,1,884.89
Left,1,979.185
Left,1,907.266
Left,1,845.855
Left,1,867.284
Left,1,934.345
Left,1,829.478
Left,1,867.364
Left,1,936.517
Left,1,986.865
Left,1,937.212
Left,1,964.734
Left,1,1017.575
Left,1,968.312
Left,1,917.516
Left,1,920.322
Left,1,945.142
Left,1,897.875
Left,1,922.961
Left,1,922.961
Left,1,922.961
Left,1,901.614
Left,1,859.916
Left,1,879.011
Left,1,843.865
Left,1,822.759
Left,1,791.238
Left,1,825.492
Left,1,789.928
Left,1,809.034
Left,1,808.439
Left,1,846.508
Left,1,867.229
Left,1,910.285
Left,1,911.288
Left,1,914.05
Left,1,960.22
Left,1,916.397
Left,1,916.061
Left,1,916.984
Left,1,918.494
Left,1,854.618
Left,1,802.559
Left,1,818.134
Left,1,769.168
Left,1,725.456
Left,1,698.523
Left,1,712.353
Left,1,688.581
Left,1,700.311
Left,1,701.844
Left,1,703.444
Left,1,701.525
Left,1,704.981
Left,1,730.566
Left,1,718.609
Left,1,762.765
Left,1,747.741
Left,1,794.691
Left,1,782.083
Left,1,814.846
Left,1,766.927
Left,1,768.039
Left,1,782.083
Left,1,783.855
Left,1,767.414
Left,1,784.423
Left,1,801.562
Left,1,801.2
Left,1,803.448
Left,1,772.076
Left,1,742.247
Left,1,715.273
Left,1,678.483
Left,1,676.954
Left,1,646.363
Left,1,645.141
Left,1,625.569
Left,1,637.256
Left,1,626.132
Left,1,628.22
Left,1,639.896
Left,1,661.053
Left,1,672.571
Left,1,699.034
Left,1,724.209
Left,1,676.806
Left,1,675.777
Left,1,652.958
Left,1,643.002
Left,1,613.026
Left,1,613.356
Left,1,604.568
Left,1,614.289
Left,1,604.839
Left,1,597.434
Left,1,596.901
Left,1,589.569
Left,1,598.662
Left,1,598.075
Left,1,619.08
Left,1,638.424
Left,1,629.635
Left,1,630.476
Left,1,631.262
Left,1,662.177
Left,1,643.042
Left,1,674.42
Left,1,675.139
Left,1,688.612
Left,1,643.557
Left,1,623.722
Left,1,615.108
Left,1,605.627
Left,1,587.085
Left,1,580.839
Left,1,605.735
Left,1,598.495
Left,1,598.919
Left,1,581.302
Left,1,601.042
Left,1,567.732
Left,1,544.909
Left,1,523.817
Left,1,498.038
Left,1,484.922
Left,1,462.177
Left,1,459.808
Left,1,447.326
Left,1,434.66
Left,1,432.54
Left,1,446.858
Left,1,470.073
Left,1,478.737
Left,1,494.689
Left,1,511.773
Left,1,568.133
Left,1,600.036
Left,1,649.677
Left,1,670.235
Left,1,735.462
Left,1,792.329
Left,1,878.439
Left,1,934.092
Left,1,1217.903
Left,1,1602.418
Straight,1,0
Straight,1,0
Straight,1,0
Straight,1,0
Straight,1,0
Straight,1,0
Straight,1,0
Straight,1,0
Straight,1,0
Straight,1,0
Straight,1,0
Straight,1,0
Left,1,1723.779
Left,1,1103.966
Left,1,1030.06
Left,1,852.92
Left,1,687.415
Left,1,654.237
Left,1,641.429
Left,1,527.095
Left,1,553.755
Left,1,531.894
Left,1,446.112
Left,1,411.78
Left,1,465.411
Left,1,494.098
Left,1,451.584
Left,1,472.918
Left,1,583.135
Left,1,459.797
Left,1,425.541
Left,1,482.423
Left,1,432.178
Left,1,419.69
Left,1,648.319
Left,1,584.756
Left,1,406.728
Left,1,505.397
Left,1,497.934
Left,1,312.645
Left,1,424.785
Left,1,575.686
Left,1,362.515
Left,1,418.469
Left,1,605.728
Left,1,329.824
Left,1,339.767
Left,1,346.991
Left,1,299.915
Left,1,338.385
Left,1,352.079
Left,1,329.441
Left,1,318.642
Left,1,321.321
Left,1,319.56
Left,1,315.331
Left,1,349.572
Left,1,280.292
Left,1,302.281
Left,1,329.56
Left,1,197.829
Left,1,190.87
Left,1,253.919
Left,1,191.724
Left,1,275.916
Left,1,271.989
Left,1,302.886
Left,1,405.851
Left,1,294.077
Left,1,411.825
Left,1,287.583
Left,1,278.793
Left,1,228.123
Left,1,215.197
Left,1,218.686
Left,1,220.416
Left,1,209.449
Left,1,197.253
Left,1,170.18
Left,1,129.923
Left,1,122.576
Left,1,105.167
Left,1,106.951
Left,1,102.942
Left,1,94.496
Left,1,83.277
Left,1,89.864
Left,1,77.119
Left,1,84.146
Left,1,70.933
Left,1,74.589
Left,1,65.047
Left,1,67.627
Left,1,60.336
Left,1,59.303
Left,1,54.122
Left,1,54.476
Left,1,51.819
Left,1,50.727
Left,1,51.71
Left,1,52.403
Left,1,53.027
Left,1,50.571
Left,1,49.283
Left,1,48.201
Left,1,49.639
Left,1,51.203
Left,1,51.259
Left,1,52.246
Left,1,52.752
Left,1,51.464
Left,1,50.049
Left,1,46.824
Left,1,47.717
Left,1,52.516
Left,1,58.326
Left,1,57.696
Left,1,62.116
Left,1,76.421
Left,1,71.196
Left,1,63.51
Left,1,59.98
Left,1,60.58
Left,1,67.844
Left,1,66.762
Left,1,66.655
Left,1,71.323
Left,1,64.396
Left,1,67.418
Left,1,67.62
Left,1,69.662
Left,1,86.162
Left,1,95.825
Left,1,75.821
Left,1,72.618
Left,1,68.852
Left,1,57.537
Left,1,57.914
Left,1,60.599
Left,1,64.854
Left,1,70.909
Left,1,81.652
Left,1,81.141
Left,1,85.012
Left,1,75.078
Left,1,72.345
Left,1,69.45
Left,1,73.67
Left,1,74.792
Left,1,80.149
Left,1,85.148
Left,1,84.849
Left,1,83.3
Left,1,80.624
Left,1,81.988
Left,1,85.126
Left,1,89.915
Left,1,91.251
Left,1,96.83
Left,1,99.056
Left,1,100.479
Left,1,104.419
Left,1,108.275
Left,1,114.188
Left,1,117.594
Left,1,121.775
Left,1,124.009
Left,1,126.035
Left,1,127.945
Left,1,123.385
Left,1,126.636
Left,1,123.232
Left,1,126.931
Left,1,130.026
Left,1,140.966
Left,1,144.699
Left,1,149.56
Left,1,153.699
Left,1,147.913
Left,1,155.247
Left,1,151.75
Left,1,170.072
Left,1,174.531
Left,1,198.117
Left,1,210.027
Left,1,215.598
Left,1,297.273
Left,1,340.729
Left,1,278.906
Left,1,552.321
Left,1,603.407
Left,1,494.321
Left,1,1170.34
Left,1,722.31
Straight,1,0
Straight,1,0
Straight,1,0
Right,1,769.718
Right,1,865.174
Right,1,420.417
Right,1,388.499
Right,1,311.463
Right,1,283.389
Right,1,263.366
Right,1,242.474
Right,1,242.688
Right,1,222.215
Right,1,205.509
Right,1,186.716
Right,1,174.064
Right,1,173.236
Right,1,173.308
Right,1,175.134
Right,1,175.399
Right,1,182.865
Right,1,186.928
Right,1,188.671
Right,1,184.971
Right,1,182.367
Right,1,177.398
Right,1,170.626
Right,1,168.513
Right,1,167.41
Right,1,167.335
Right,1,162.774
Right,1,164.302
Right,1,160.01
Right,1,160.317
Right,1,156.197
Right,1,153.588
Right,1,149.929
Right,1,149.288
Right,1,147.672
Right,1,143.806
Right,1,145.624
Right,1,144.223
Right,1,144.097
Right,1,143.193
Right,1,143.006
Right,1,143.303
Right,1,141.148
Right,1,140.465
Right,1,139.54
Right,1,140.71
Right,1,140.367
Right,1,138.982
Right,1,138.823
Right,1,137.291
Right,1,134.963
Right,1,130.716
Right,1,129.428
Right,1,130.505
Right,1,130.431
Right,1,130.003
Right,1,132.465
Right,1,133.388
Right,1,135.867
Right,1,134.06
Right,1,133.265
Right,1,132.538
Right,1,132.67
Right,1,131.145
Right,1,130.656
Right,1,131.018
Right,1,130.361
Right,1,129.713
Right,1,127.833
Right,1,128.13
Right,1,129.556
Right,1,130.821
Right,1,132.557
Right,1,135.867
Right,1,136.918
Right,1,135.047
Right,1,133.213
Right,1,129.58
Right,1,130.403
Right,1,130.81
Right,1,132.216
Right,1,137.936
Right,1,140.761
Right,1,144.572
Right,1,144.881
Right,1,147.017
Right,1,144.199
Right,1,145.657
Right,1,141.849
Right,1,149.332
Right,1,145.226
Right,1,143.047
Right,1,145.829
Right,1,141.828
Right,1,142.44
Right,1,146.126
Right,1,147.944
Right,1,156.482
Right,1,161.176
Right,1,158.164
Right,1,157.672
Right,1,153.563
Right,1,146.185
Right,1,146.016
Right,1,144.156
Right,1,147.054
Right,1,155.181
Right,1,151.425
Right,1,153.025
Right,1,153.797
Right,1,150.236
Right,1,149.505
Right,1,148.659
Right,1,144.403
Right,1,147.171
Right,1,146.059
Right,1,143.188
Right,1,143.305
Right,1,140.976
Right,1,139.443
Right,1,139.864
Right,1,141.811
Right,1,143.364
Right,1,151.208
Right,1,155.162
Right,1,161.588
Right,1,166.758
Right,1,166.896
Right,1,161.495
Right,1,160.789
Right,1,155.105
Right,1,151.584
Right,1,149.219
Right,1,145.009
Right,1,141.487
Right,1,136.544
Right,1,138.467
Right,1,144.741
Right,1,143.477
Right,1,131.472
Right,1,133.383
Right,1,134.878
Right,1,149.378
Right,1,164.688
Right,1,153.687
Right,1,156.919
Right,1,162.447
Right,1,150.952
Right,1,145.23
Right,1,146.876
Right,1,141.511
Right,1,139.865
Right,1,146.71
Right,1,149.144
Right,1,154.352
Right,1,163.212
Right,1,170.427
Right,1,171.633
Right,1,175.332
Right,1,176.666
Right,1,174.056
Right,1,177.998
Right,1,181.766
Right,1,189.107
Right,1,198.24
Right,1,208.792
Right,1,214.435
Right,1,224.623
Right,1,226.78
Right,1,225.248
Right,1,221.725
Right,1,214.677
Right,1,208.018
Right,1,206.524
Right,1,207.073
Right,1,205.849
Right,1,212.032
Right,1,221.581
Right,1,232.06
Right,1,241.344
Right,1,248.785
Right,1,256.918
Right,1,264.442
Right,1,260.201
Right,1,252.391
Right,1,250.947
Right,1,252.834
Right,1,266.883
Right,1,290.155
Right,1,311.927
Right,1,337.411
Right,1,342.22
Right,1,335.078
Right,1,342.108
Right,1,339.945
Right,1,371.785
Right,1,407.433
Right,1,431.704
Right,1,464.734
Right,1,499.321
Right,1,566.54
Right,1,555.455
Right,1,620.239
Right,1,717.786
Right,1,758.558
Right,1,762.717
Right,1,830.541
Right,1,949.356
Right,1,887.823
Right,1,956.27
Right,1,1203.806
Right,1,1637.719
Right,1,1740.631
Straight,1,0
Straight,1,0
Straight,1,0
Straight,1,0
Straight,1,0
Straight,1,0
Straight,1,0
Straight,1,0
Straight,1,0
Straight,1,0
Straight,1,0
Straight,1,0
Straight,1,0
Straight,1,0
Straight,1,0
Straight,1,0
Straight,1,0
Straight,1,0
Straight,1,0
Straight,1,0
Straight,1,0
Straight,1,0
Straight,1,0
Straight,1,0
Straight,1,0
Straight,1,0
Straight,1,0
Straight,1,0
Straight,1,0
Straight,1,0
Straight,1,0
Straight,1,0
Straight,1,0
Left,1,1824.943
Straight,1,0
Straight,1,0
Left,1,1934.694
Straight,1,0
Straight,1,0
Left,1,1603.977
Straight,1,0
Straight,1,0
Straight,1,0
Straight,1,0
Straight,1,0
Straight,1,0
Straight,1,0
Straight,1,0
Straight,1,0
Right,1,1623.686
Right,1,1035.338
Right,1,1059.973
Right,1,1142.836
Right,1,775.621
Right,1,902.606
Right,1,436.992
Right,1,386.069
Right,1,420.076
Right,1,419.65
Right,1,572.206
Right,1,482.655
Right,1,597.021
Right,1,310.673
Right,1,277.407
Right,1,258.121
Right,1,211.671
Right,1,236.994
Right,1,189.471
Right,1,190.074
Right,1,166.447
Right,1,167.079
Right,1,167.874
Right,1,169.555
Right,1,171.737
Right,1,174.798
Right,1,183.834
Right,1,180.088
Right,1,172.877
Right,1,194.075
Right,1,174.716
Right,1,176.736
Right,1,120.3
Right,1,135.157
Right,1,102.97
Right,1,118.414
Right,1,89.93
Right,1,100.163
Right,1,76.501
Right,1,75.529
Right,1,69.955
Right,1,73.418
Right,1,66.656
Right,1,63.35
Right,1,59.165
Right,1,59.156
Right,1,63.204
Right,1,65.433
Right,1,68.065
Right,1,64.209
Right,1,57.633
Right,1,52.481
Right,1,50.792
Right,1,51.322
Right,1,48.069
Right,1,44.399
Right,1,45.808
Right,1,44.268
Right,1,43.482
Right,1,42.779
Right,1,43.316
Right,1,41.758
Right,1,45.169
Right,1,43.764
Right,1,41.617
Right,1,40.38
Right,1,39.832
Right,1,41.931
Right,1,45.399
Right,1,42.427
Right,1,39.672
Right,1,42.125
Right,1,44.275
Right,1,47.158
Right,1,57.763
Right,1,55.311
Right,1,47.028
Right,1,49.976
Right,1,50.823
Right,1,60.154
Right,1,75.444
Right,1,77.31
Right,1,77.74
Right,1,69.784
Right,1,63.021
Right,1,68.922
Right,1,72.671
Right,1,84.088
Right,1,87.567
Right,1,82.728
Right,1,74.69
Right,1,72.279
Right,1,69.077
Right,1,67.434
Right,1,69.178
Right,1,70.932
Right,1,73.755
Right,1,75.507
Right,1,82.293
Right,1,86.181
Right,1,93.425
Right,1,97.918
Right,1,107.927
Right,1,114.666
Right,1,121.833
Right,1,126.448
Right,1,131.483
Right,1,146.862
Right,1,153.037
Right,1,179.333
Right,1,190.66
Right,1,228.153
Right,1,278.985
Right,1,347.608
Right,1,473.874
Right,1,1163.2
Straight,1,0
Left,1,1497.223
Left,1,680.334
Left,1,374.378
Left,1,237.12
Left,1,185.109
Left,1,136.313
Left,1,123.502
Left,1,91.823
Left,1,82.305
Left,1,71.304
Left,1,66.65
Left,1,64.55
Left,1,61.042
Left,1,60.995
Left,1,59.687
Left,1,60.851
Left,1,59.171
Left,1,55.51
Left,1,51.003
Left,1,47.463
Left,1,45.198
Left,1,43.715
Left,1,40.291
Left,1,38.316
Left,1,37.854
Left,1,35.705
Left,1,35.03
Left,1,36.086
Left,1,35.78
Left,1,37.23
Left,1,38.504
Left,1,37.467
Left,1,36.411
Left,1,36.069
Left,1,34.254
Left,1,34.035
Left,1,34.016
Left,1,35.135
Left,1,34.863
Left,1,33.842
Left,1,32.907
Left,1,33.825
Left,1,35.679
Left,1,42.373
Left,1,45.238
Left,1,46.853
Left,1,45.37
Left,1,46.323
Left,1,52.085
Left,1,54.248
Left,1,61.978
Left,1,52.722
Left,1,51.67
Left,1,51.97
Left,1,47.532
Left,1,43.849
Left,1,46.107
Left,1,47.451
Left,1,61.118
Left,1,81.668
Left,1,85.014
Left,1,74.893
Left,1,62.989
Left,1,64.05
Left,1,66.443
Left,1,67.981
Left,1,69.149
Left,1,69.826
Left,1,72.913
Left,1,77.091
Left,1,76.426
Left,1,76.726
Left,1,77.67
Left,1,74.21
Left,1,72.166
Left,1,68.655
Left,1,69.011
Left,1,72.575
Left,1,76.654
Left,1,79.006
Left,1,80.351
Left,1,80.559
Left,1,79.881
Left,1,79.784
Left,1,77.388
Left,1,77.912
Left,1,78.722
Left,1,82.72
Left,1,88.564
Left,1,97.331
Left,1,108.907
Left,1,112.448
Left,1,113.332
Left,1,109.873
Left,1,113.684
Left,1,114.633
Left,1,130.236
Left,1,144.544
Left,1,185.46
Left,1,203.37
Left,1,244.512
Left,1,227.673
Left,1,198.71
Left,1,215.197
Left,1,200.925
Left,1,197.268
Left,1,222.704
Left,1,332.326
Left,1,363.664
Left,1,536.867
Left,1,928.993
Left,1,1301.197
Left,1,1103.978
Left,1,1462.911
Left,1,1214.942
Left,1,1027.397
Left,1,1501.836
Left,1,1360.535
Straight,1,0
Straight,1,0
Straight,1,0
Straight,1,0
Straight,1,0
Straight,1,0
Straight,1,0
Straight,1,0
Left,1,1820.375
Straight,1,0
Left,1,1480.372
Straight,1,0
Left,1,1443.698
Straight,1,0
Straight,1,0
Straight,1,0
Straight,1,0
Right,1,1474.766
Straight,1,0
Straight,1,0
Straight,1,0
Straight,1,0
Straight,1,0
Straight,1,0
Straight,1,0
Straight,1,0
Straight,1,0
Straight,1,0
Straight,1,0
Straight,1,0
Straight,1,0
Straight,1,0
Straight,1,0
Straight,1,0
Straight,1,0
Straight,1,0
Straight,1,0
Straight,1,0
Straight,1,0
Straight,1,0
Straight,1,0
Straight,1,0
Straight,1,0
Straight,1,0
Straight,1,0
Straight,1,0
Straight,1,0
Straight,1,0
Straight,1,0
Straight,1,0
Straight,1,0
Straight,1,0
Straight,1,0
Straight,1,0
Straight,1,0
Straight,1,0
Straight,1,0
Straight,1,0
Straight,1,0
Straight,1,0
Straight,1,0
Straight,1,0
Straight,1,0
Straight,1,0
Straight,1,0
Straight,1,0
Straight,1,0
Straight,1,0
Straight,1,0
Straight,1,0
Straight,1,0
Straight,1,0
Straight,1,0
Straight,1,0
Straight,1,0
Straight,1,0
Straight,1,0
Straight,1,0
Straight,1,0
Straight,1,0
Straight,1,0
Straight,1,0
Straight,1,0
Straight,1,0
Straight,1,0
Straight,1,0
Straight,1,0
Straight,1,0
Straight,1,0
Straight,1,0
Straight,1,0
Straight,1,0
Straight,1,0
Straight,1,0
Straight,1,0
Straight,1,0
Straight,1,0
Straight,1,0
Straight,1,0
Straight,1,0
Straight,1,0
Straight,1,0
Straight,1,0
Straight,1,0
Straight,1,0
Straight,1,0
Straight,1,0
Straight,1,0
Straight,1,0
Straight,1,0
Straight,1,0
Straight,1,0
Straight,1,0
Straight,1,0
Straight,1,0
Straight,1,0
Straight,1,0
Straight,1,0
Straight,1,0
Straight,1,0
Straight,1,0
Straight,1,0
Straight,1,0
Straight,1,0
Straight,1,0
Straight,1,0
Straight,1,0
Straight,1,0
Straight,1,0
Straight,1,0
Straight,1,0
Straight,1,0
Straight,1,0
Straight,1,0
Straight,1,0
Straight,1,0
Straight,1,0
Straight,1,0
Straight,1,0
Straight,1,0
Straight,1,0
Straight,1,0
Straight,1,0
Straight,1,0
Straight,1,0
Straight,1,0
Straight,1,0
Straight,1,0
Straight,1,0
Straight,1,0
Right,1,1245.912
Straight,1,0
Left,1,1597.722
Straight,1,0
Straight,1,0
Straight,1,0
Straight,1,0
Right,1,1497.072
Straight,1,0
Straight,1,0
Straight,1,0
Straight,1,0
Straight,1,0
Straight,1,0
Straight,1,0
Straight,1,0
Straight,1,0
Straight,1,0
Straight,1,0
Straight,1,0
Straight,1,0
Straight,1,0
Straight,1,0
Straight,1,0
Straight,1,0
Straight,1,0
Straight,1,0
Straight,1,0
Straight,1,0
Straight,1,0
Straight,1,0
Straight,1,0
Straight,1,0
Straight,1,0
Straight,1,0
Straight,1,0
Straight,1,0
Straight,1,0
Straight,1,0
Straight,1,0
Straight,1,0
Straight,1,0
Straight,1,0
Straight,1,0
Straight,1,0
Straight,1,0
Straight,1,0
Straight,1,0
Straight,1,0
Straight,1,0
Straight,1,0
Straight,1,0
Straight,1,0
Straight,1,0
Straight,1,0
Straight,1,0
Straight,1,0
Straight,1,0
Straight,1,0
Straight,1,0
Straight,1,0
Straight,1,0
Straight,1,0
Straight,1,0
Straight,1,0
Straight,1,0
Straight,1,0
Straight,1,0
Straight,1,0
Straight,1,0
Straight,1,0
Straight,1,0
Straight,1,0
Straight,1,0
Straight,1,0
Straight,1,0
Straight,1,0
Straight,1,0
Straight,1,0
Straight,1,0
Straight,1,0
Straight,1,0
Straight,1,0
Straight,1,0
Straight,1,0
Straight,1,0
Straight,1,0
Straight,1,0
Straight,1,0
Straight,1,0
Straight,1,0
Straight,1,0
Straight,1,0
Straight,1,0
Straight,1,0
Straight,1,0
Straight,1,0
Straight,1,0
Straight,1,0
Straight,1,0
Straight,1,0
Straight,1,0
Straight,1,0
Straight,1,0
Straight,1,0
Straight,1,0
Straight,1,0
Straight,1,0
Straight,1,0
Straight,1,0
Straight,1,0
Straight,1,0
Straight,1,0
Straight,1,0
Straight,1,0
Straight,1,0
Straight,1,0
Straight,1,0
Straight,1,0
Straight,1,0
Straight,1,0
Straight,1,0
Straight,1,0
Straight,1,0
Straight,1,0
Straight,1,0
Straight,1,0
Straight,1,0
Straight,1,0
Straight,1,0
Straight,1,0
Straight,1,0
Straight,1,0
Straight,1,0
Straight,1,0
Straight,1,0
Straight,1,0
Straight,1,0
Straight,1,0
Straight,1,0
Straight,1,0
Straight,1,0
Straight,1,0
Straight,1,0
Straight,1,0
Straight,1,0
Straight,1,0
Straight,1,0
Straight,1,0
Straight,1,0
Straight,1,0
Straight,1,0
Straight,1,0
Straight,1,0
Straight,1,0
Straight,1,0
Straight,1,0
Straight,1,0
Straight,1,0
Straight,1,0
Straight,1,0
Straight,1,0
Straight,1,0
Straight,1,0
Straight,1,0
Straight,1,0
Straight,1,0
Straight,1,0
Straight,1,0
Straight,1,0
Straight,1,0
Straight,1,0
Straight,1,0
Straight,1,0
Straight,1,0
Straight,1,0
Straight,1,0
Straight,1,0
Straight,1,0
Straight,1,0
Straight,1,0
Straight,1,0
Straight,1,0
Straight,1,0
Straight,1,0
Straight,1,0
Straight,1,0
Straight,1,0
Straight,1,0
Straight,1,0
Straight,1,0
Straight,1,0
Straight,1,0
Straight,1,0
Straight,1,0
Straight,1,0
Straight,1,0
Straight,1,0
Straight,1,0
Straight,1,0
Straight,1,0
Straight,1,0
Straight,1,0
Straight,1,0
Straight,1,0
Straight,1,0
Straight,1,0
Straight,1,0
Straight,1,0
Straight,1,0
Straight,1,0
Straight,1,0
Straight,1,0
Straight,1,0
Straight,1,0
Straight,1,0
Straight,1,0
Straight,1,0
Straight,1,0
Straight,1,0
Straight,1,0
Straight,1,0
Straight,1,0
Straight,1,0
Straight,1,0
Straight,1,0
Straight,1,0
Straight,1,0
Straight,1,0
Straight,1,0
Straight,1,0
Straight,1,0
Straight,1,0
Straight,1,0
Straight,1,0
Straight,1,0
Straight,1,0
Straight,1,0
Straight,1,0
Straight,1,0
Straight,1,0
Straight,1,0
Straight,1,0
Straight,1,0
Straight,1,0
Straight,1,0
Straight,1,0
Straight,1,0
Straight,1,0
Straight,1,0
Straight,1,0
Straight,1,0
Straight,1,0
Straight,1,0
Straight,1,0
Straight,1,0
Straight,1,0
Straight,1,0
Straight,1,0
Straight,1,0
Straight,1,0
Straight,1,0
Straight,1,0
Straight,1,0
Straight,1,0
Straight,1,0
Straight,1,0
Straight,1,0
Straight,1,0
Straight,1,0
Straight,1,0
Straight,1,0
Straight,1,0
Straight,1,0
Straight,1,0
Straight,1,0
Straight,1,0
Straight,1,0
Straight,1,0
Straight,1,0
Straight,1,0
Straight,1,0
Straight,1,0
Straight,1,0
Straight,1,0
Straight,1,0
Straight,1,0
Straight,1,0
Straight,1,0
Straight,1,0
Straight,1,0
Straight,1,0
Straight,1,0
Straight,1,0
Straight,1,0
Straight,1,0
Straight,1,0
Straight,1,0
Straight,1,0
Straight,1,0
Straight,1,0
Straight,1,0
Straight,1,0
Straight,1,0
Straight,1,0
Straight,1,0
Straight,1,0
Straight,1,0
Straight,1,0
Straight,1,0
Straight,1,0
Straight,1,0
Straight,1,0
Straight,1,0
Straight,1,0
Straight,1,0
Straight,1,0
Straight,1,0
Straight,1,0
Straight,1,0
Straight,1,0
Straight,1,0
Straight,1,0
Straight,1,0
Straight,1,0
Straight,1,0
Straight,1,0
Straight,1,0
Straight,1,0
Straight,1,0
Straight,1,0
Straight,1,0
Straight,1,0
Straight,1,0
Straight,1,0
Straight,1,0
Straight,1,0
Straight,1,0
Straight,1,0
Straight,1,0
Straight,1,0
Straight,1,0
Straight,1,0
Straight,1,0
Straight,1,0
Straight,1,0
Straight,1,0
Straight,1,0
Straight,1,0
Straight,1,0
Straight,1,0
Straight,1,0
Straight,1,0
Straight,1,0
Straight,1,0
Straight,1,0
Straight,1,0
Straight,1,0
Straight,1,0
Straight,1,0
Straight,1,0
Straight,1,0
Straight,1,0
Straight,1,0
Straight,1,0
Straight,1,0
Straight,1,0
Straight,1,0
Straight,1,0
Straight,1,0
Straight,1,0
Straight,1,0
Straight,1,0
Straight,1,0
Straight,1,0
Straight,1,0
Straight,1,0
Straight,1,0
Straight,1,0
Straight,1,0
Straight,1,0
Straight,1,0
Straight,1,0
Straight,1,0
Straight,1,0
Straight,1,0
Straight,1,0
Straight,1,0
Straight,1,0
Straight,1,0
Straight,1,0
Straight,1,0
Straight,1,0
Straight,1,0
Straight,1,0
Straight,1,0
Straight,1,0
Straight,1,0
Straight,1,0
Straight,1,0
Straight,1,0
Straight,1,0
Straight,1,0
Straight,1,0
Straight,1,0
Straight,1,0
Straight,1,0
Straight,1,0
Straight,1,0
Straight,1,0
Straight,1,0
Straight,1,0
Straight,1,0
Straight,1,0
Straight,1,0
Straight,1,0
Straight,1,0
Straight,1,0
Straight,1,0
Straight,1,0
Straight,1,0
Straight,1,0
Straight,1,0
Straight,1,0
Straight,1,0
Straight,1,0
Straight,1,0
Straight,1,0
Straight,1,0
Straight,1,0
Straight,1,0
Straight,1,0
Straight,1,0
Straight,1,0
Straight,1,0
Straight,1,0
Straight,1,0
Straight,1,0
Straight,1,0
Straight,1,0
Straight,1,0
Straight,1,0
Straight,1,0
Straight,1,0
Straight,1,0
Straight,1,0
Straight,1,0
Straight,1,0
Straight,1,0
Straight,1,0
Straight,1,0
Straight,1,0
Straight,1,0
Straight,1,0
Straight,1,0
Straight,1,0
Straight,1,0
Straight,1,0
Straight,1,0
Straight,1,0
Straight,1,0
Straight,1,0
Straight,1,0
Straight,1,0
Straight,1,0
Straight,1,0
Straight,1,0
Straight,1,0
Straight,1,0
Straight,1,0
Straight,1,0
Straight,1,0
Straight,1,0
Straight,1,0
Straight,1,0
Straight,1,0
Straight,1,0
Straight,1,0
Straight,1,0
Straight,1,0
Straight,1,0
Straight,1,0
Straight,1,0
Straight,1,0
Straight,1,0
Straight,1,0
Straight,1,0
Straight,1,0
Straight,1,0
Straight,1,0
Straight,1,0
Straight,1,0
Straight,1,0
Straight,1,0
Straight,1,0
Straight,1,0
Straight,1,0
Straight,1,0
Straight,1,0
Straight,1,0
Straight,1,0
Straight,1,0
Straight,1,0
Straight,1,0
Straight,1,0
Straight,1,0
Straight,1,0
Straight,1,0
Straight,1,0
Straight,1,0
Straight,1,0
Straight,1,0
Straight,1,0
Straight,1,0
Straight,1,0
Straight,1,0
Straight,1,0
Straight,1,0
Straight,1,0
Straight,1,0
Straight,1,0
Straight,1,0
Straight,1,0
Straight,1,0
Straight,1,0
Straight,1,0
Straight,1,0
Straight,1,0
Straight,1,0
Straight,1,0
Straight,1,0
Straight,1,0
Straight,1,0
Straight,1,0
Straight,1,0
Straight,1,0
Straight,1,0
Straight,1,0
Straight,1,0
Straight,1,0
Straight,1,0
Straight,1,0
Straight,1,0
Straight,1,0
Straight,1,0
Straight,1,0
Straight,1,0
Straight,1,0
Straight,1,0
Straight,1,0
Straight,1,0
Straight,1,0
Straight,1,0
Straight,1,0
Straight,1,0
Straight,1,0
Straight,1,0
Straight,1,0
Straight,1,0
Straight,1,0
Straight,1,0
Straight,1,0
Straight,1,0
Straight,1,0
Straight,1,0
Straight,1,0
Straight,1,0
Straight,1,0
Straight,1,0
Straight,1,0
Straight,1,0
Straight,1,0
Straight,1,0
Straight,1,0
Straight,1,0
Straight,1,0
Straight,1,0
Straight,1,0
Straight,1,0
Straight,1,0
Straight,1,0
Straight,1,0
Straight,1,0
Straight,1,0
Straight,1,0
Straight,1,0
Straight,1,0
Straight,1,0
Straight,1,0
Straight,1,0
Straight,1,0
Straight,1,0
Straight,1,0
Straight,1,0
Straight,1,0
Straight,1,0
Straight,1,0
Straight,1,0
Straight,1,0
Straight,1,0
Straight,1,0
Straight,1,0
Straight,1,0
Straight,1,0
Straight,1,0
Straight,1,0
Straight,1,0
Straight,1,0
Straight,1,0
Straight,1,0
Straight,1,0
Straight,1,0
Straight,1,0
Straight,1,0
Straight,1,0
Straight,1,0
Straight,1,0
Straight,1,0
Straight,1,0
Straight,1,0
Straight,1,0
Straight,1,0
Straight,1,0
Straight,1,0
Straight,1,0
Straight,1,0
Straight,1,0
Straight,1,0
Straight,1,0
Straight,1,0
Straight,1,0
Straight,1,0
Straight,1,0
Straight,1,0
Straight,1,0
Straight,1,0
Straight,1,0
Straight,1,0
Straight,1,0
Straight,1,0
Straight,1,0
Straight,1,0
Straight,1,0
Straight,1,0
Straight,1,0
Straight,1,0
Straight,1,0
Straight,1,0
Straight,1,0
Straight,1,0
Straight,1,0
Straight,1,0
Straight,1,0
Straight,1,0
Straight,1,0
Straight,1,0
Straight,1,0
Straight,1,0
Straight,1,0
Straight,1,0
Straight,1,0
Straight,1,0
Straight,1,0
Straight,1,0
Straight,1,0
Straight,1,0
Straight,1,0
Straight,1,0
Straight,1,0
Straight,1,0
Straight,1,0
Straight,1,0
Straight,1,0
Straight,1,0
Straight,1,0
Straight,1,0
Straight,1,0
Straight,1,0
Straight,1,0
Straight,1,0
Straight,1,0
Straight,1,0
Straight,1,0
Straight,1,0
Straight,1,0
Straight,1,0
Straight,1,0
Straight,1,0
Straight,1,0
Straight,1,0
Straight,1,0
Straight,1,0
Straight,1,0
Straight,1,0
Straight,1,0
Straight,1,0
Straight,1,0
Straight,1,0
Straight,1,0
Straight,1,0
Straight,1,0
Straight,1,0
Straight,1,0
Straight,1,0
Straight,1,0
Straight,1,0
Straight,1,0
Straight,1,0
Straight,1,0
Straight,1,0
Straight,1,0
Straight,1,0
Straight,1,0
Straight,1,0
Straight,1,0
Straight,1,0
Straight,1,0
Straight,1,0
Straight,1,0
Straight,1,0
Straight,1,0
Straight,1,0
Straight,1,0
Straight,1,0
Straight,1,0
Straight,1,0
Straight,1,0
Straight,1,0
Straight,1,0
Straight,1,0
Straight,1,0
Straight,1,0
Straight,1,0
Straight,1,0
Straight,1,0
Straight,1,0
Straight,1,0
Straight,1,0
Straight,1,0
Straight,1,0
Straight,1,0
Straight,1,0
Straight,1,0
Straight,1,0
Straight,1,0
Straight,1,0
Straight,1,0
Straight,1,0
Straight,1,0
Straight,1,0
Straight,1,0
Straight,1,0
Straight,1,0
Straight,1,0
Straight,1,0
Straight,1,0
Straight,1,0
Straight,1,0
Straight,1,0
Straight,1,0
Straight,1,0
Straight,1,0
Straight,1,0
Straight,1,0
Straight,1,0
Straight,1,0
Straight,1,0
Straight,1,0
Straight,1,0
Straight,1,0
Straight,1,0
Straight,1,0
Straight,1,0
Straight,1,0
Straight,1,0
Straight,1,0
Straight,1,0
Straight,1,0
Straight,1,0
Straight,1,0
Straight,1,0
Straight,1,0
Straight,1,0
Straight,1,0
Straight,1,0
Straight,1,0
Straight,1,0
Straight,1,0
Straight,1,0
Straight,1,0
Straight,1,0
Straight,1,0
Straight,1,0
Straight,1,0
Straight,1,0
Straight,1,0
Straight,1,0
Straight,1,0
Straight,1,0
Straight,1,0
Straight,1,0
Straight,1,0
Straight,1,0
Straight,1,0
Straight,1,0
Straight,1,0
Straight,1,0
Straight,1,0
Straight,1,0
Straight,1,0
Straight,1,0
Straight,1,0
Straight,1,0
Straight,1,0
Straight,1,0
Straight,1,0
Straight,1,0
Straight,1,0
Straight,1,0
Straight,1,0
Straight,1,0
Straight,1,0
Straight,1,0
Straight,1,0
Straight,1,0
Straight,1,0
Straight,1,0
Straight,1,0
Straight,1,0
Straight,1,0
Straight,1,0
Straight,1,0
Straight,1,0
Straight,1,0
Straight,1,0
Straight,1,0
Straight,1,0
Straight,1,0
Straight,1,0
Straight,1,0
Straight,1,0
Straight,1,0
Straight,1,0
Straight,1,0
Straight,1,0
Straight,1,0
Straight,1,0
Straight,1,0
Straight,1,0
Straight,1,0
Straight,1,0
Straight,1,0
Straight,1,0
Straight,1,0
Straight,1,0
Straight,1,0
Straight,1,0
Straight,1,0
Straight,1,0
Straight,1,0
Straight,1,0
Straight,1,0
Straight,1,0
Straight,1,0
Straight,1,0
Straight,1,0
Straight,1,0
Straight,1,0
Straight,1,0
Straight,1,0
Straight,1,0
Straight,1,0
Straight,1,0
Straight,1,0
Straight,1,0
Straight,1,0
Straight,1,0
Straight,1,0
Straight,1,0
Straight,1,0
Straight,1,0
Straight,1,0
Straight,1,0
Straight,1,0
Straight,1,0
Straight,1,0
Straight,1,0
Straight,1,0
Straight,1,0
Straight,1,0
Straight,1,0
Straight,1,0
Straight,1,0
Straight,1,0
Straight,1,0
Straight,1,0
Straight,1,0
Straight,1,0
Straight,1,0
Straight,1,0
Straight,1,0
Straight,1,0
Straight,1,0
Straight,1,0
Straight,1,0
Straight,1,0
Straight,1,0
Straight,1,0
Left,1,1610.518
Left,1,1158.606
Left,1,1377.138
Left,1,1257.387
Left,1,1077.933
Left,1,1084.106
Left,1,1062.077
Left,1,1168.328
Straight,1,0
Straight,1,0
Straight,1,0
Straight,1,0
Straight,1,0
Straight,1,0
Straight,1,0
Right,1,1219.609
Right,1,1050.663
Right,1,1554.241
Right,1,1115.783
Right,1,1207.434
Straight,1,0
Straight,1,0
Right,1,1473.161
Straight,1,0
Right,1,1448.586
Right,1,1274.464
Straight,1,0
Straight,1,0
Straight,1,0
Straight,1,0
Straight,1,0
Straight,1,0
Straight,1,0
Straight,1,0
Straight,1,0
Straight,1,0
Left,1,1547.349
Left,1,1821.602
Left,1,1507.741
Straight,1,0
Straight,1,0
Straight,1,0
Straight,1,0
Straight,1,0
Left,1,1011.529
Straight,1,0
Straight,1,0
Straight,1,0
Right,1,1591.364
Straight,1,0
Straight,1,0
Straight,1,0
Straight,1,0
Straight,1,0
Straight,1,0
Straight,1,0
Straight,1,0
Straight,1,0
Straight,1,0
Left,1,1287.273
Left,1,1012.628
Left,1,891.504
Left,1,702.574
Straight,1,0
Left,1,830.33
Left,1,607.746
Left,1,545.007
Left,1,263.911
Straight,1,0
Left,1,265.238
Straight,1,0
Left,1,224.603
Left,1,389.089
Left,1,208.546
Left,1,319.274
Left,1,239.689
Left,1,274.06
Left,1,220.588
Left,1,260.612
Left,1,230.829
Left,1,221.996
Left,1,182.583
Left,1,198.056
Left,1,148.911
Left,1,213.093
Left,1,167.231
Left,1,150.212
Left,1,129.785
Left,1,120.391
Left,1,106.887
Left,1,91.586
Left,1,79.884
Left,1,76.981
Left,1,68.836
Left,1,68.202
Left,1,67.273
Left,1,65.588
Left,1,49.926
Left,1,56.147
Left,1,43.771
Left,1,36.284
Left,1,33.564
Left,1,35.164
Left,1,34.107
Left,1,31.214
Left,1,25.739
Left,1,21.297
Left,1,19.735
Left,1,19.125
Left,1,20.331
Left,1,19.401
Left,1,15.89
Left,1,15.679
Left,1,15.186
Left,1,13.383
Left,1,13.837
Left,1,14.764
Left,1,13.735
Left,1,14.278
Left,1,14.268
Left,1,15.032
Left,1,14.736
Left,1,13.257
Left,1,15.376
Left,1,15.795
Left,1,14.992
Left,1,14.165
Left,1,11.199
Left,1,12.917
Left,1,14.528
Left,1,13.501
Left,1,15.006
Left,1,16.589
Left,1,14.914
Left,1,20.554
Left,1,22.678
Left,1,25.717
Left,1,27.477
Left,1,32.379
Left,1,37.596
Left,1,38.938
Left,1,38.937
Left,1,40.111
Left,1,41.252
Left,1,47.19
Left,1,46.82
Left,1,46.774
Left,1,42.782
Left,1,44.488
Left,1,48.289
Left,1,47.71
Left,1,52.703
Left,1,54.539
Left,1,63.463
Left,1,65.596
Left,1,69.202
Left,1,72.292
Left,1,77.81
Left,1,80.562
Left,1,82.218
Left,1,89.384
Left,1,96.252
Left,1,112.844
Left,1,125.911
Left,1,145.459
Left,1,166.039
Left,1,202.903
Left,1,233.103
Left,1,294.563
Left,1,470.394
Left,1,849.3
Straight,1,0
Right,1,990.871
Right,1,474.878
Right,1,434.591
Right,1,311.581
Right,1,250.904
Right,1,201.385
Right,1,163.119
Right,1,159.7
Right,1,109.58
Right,1,99.163
Right,1,86.648
Right,1,90.07
Right,1,83.015
Right,1,80.625
Right,1,80.691
Right,1,81.611
Right,1,80.728
Right,1,85.053
Right,1,84.126
Right,1,78.383
Right,1,79.794
Right,1,77.479
Right,1,78.277
Right,1,81.127
Right,1,83.601
Right,1,87.452
Right,1,87.808
Right,1,86.901
Right,1,83.326
Right,1,82.577
Right,1,81.483
Right,1,82.406
Right,1,84.044
Right,1,88.543
Right,1,90.017
Right,1,90.692
Right,1,91.503
Right,1,87.569
Right,1,89.649
Right,1,89.139
Right,1,88.969
Right,1,87.337
Right,1,93.722
Right,1,97.356
Right,1,106.893
Right,1,121.928
Right,1,140.49
Right,1,165.58
Right,1,205.766
Right,1,244.108
Right,1,227.411
Right,1,215.113
Right,1,160.108
Right,1,134.585
Right,1,117.661
Right,1,110.157
Right,1,118.011
Right,1,122.08
Right,1,139.935
Right,1,124.596
Right,1,116.067
Right,1,102.602
Right,1,95.609
Right,1,95.429
Right,1,92.076
Right,1,103.448
Right,1,103.432
Right,1,117.604
Right,1,113.873
Right,1,116.177
Right,1,111.485
Right,1,107.866
Right,1,120.373
Right,1,125.008
Right,1,109.768
Right,1,107.853
Right,1,108.271
Right,1,109.58
Right,1,105.823
Right,1,99.714
Right,1,99.658
Right,1,99.107
Right,1,104.028
Right,1,110.192
Right,1,116.634
Right,1,124.693
Right,1,124.798
Right,1,130.491
Right,1,128.637
Right,1,131.37
Right,1,134.213
Right,1,129.3
Right,1,136.539
Right,1,131.46
Right,1,139.856
Right,1,138.152
Right,1,149.062
Right,1,152.482
Right,1,157.595
Right,1,161.432
Right,1,160.323
Right,1,165.644
Right,1,158.62
Right,1,166.816
Right,1,164.326
Right,1,175.652
Right,1,180.119
Right,1,190.776
Right,1,191.568
Right,1,194.347
Right,1,197.425
Right,1,189.754
Right,1,192.431
Right,1,188.53
Right,1,197.967
Right,1,198.779
Right,1,216.395
Right,1,231.031
Right,1,251.203
Right,1,270.84
Right,1,276.07
Right,1,281.826
Right,1,274.285
Right,1,278.885
Right,1,275.069
Right,1,289.073
Right,1,304.395
Right,1,333.108
Right,1,374.457
Right,1,408.206
Right,1,494.4
Right,1,508.578
Right,1,570.007
Right,1,555.699
Right,1,609.033
Right,1,574.519
Right,1,632.839
Right,1,758.845
Right,1,859.993
Right,1,1103.736
Right,1,1173.078
Right,1,1671.058
Right,1,1678.601
Straight,1,0
Straight,1,0
Straight,1,0
Straight,1,0
Straight,1,0
Straight,1,0
Left,1,1717.636
Left,1,1385.166
Left,1,1224.914
Left,1,906.262
Left,1,773.614
Left,1,597.814
Left,1,566.887
Left,1,512.521
Left,1,502.218
Left,1,460.902
Left,1,444.554
Left,1,412.004
Left,1,383.781
Left,1,371.265
Left,1,347.774
Left,1,343.661
Left,1,318.814
Left,1,306.632
Left,1,291.186
Left,1,274.201
Left,1,268.475
Left,1,260.115
Left,1,254.894
Left,1,234.431
Left,1,234.905
Left,1,214.883
Left,1,203.837
Left,1,190.378
Left,1,189.293
Left,1,186.538
Left,1,188.96
Left,1,194.513
Left,1,198.525
Left,1,208.597
Left,1,200.323
Left,1,201.495
Left,1,191.66
Left,1,183.947
Left,1,175.648
Left,1,167.074
Left,1,163.678
Left,1,167.424
Left,1,172.907
Left,1,177.473
Left,1,187.263
Left,1,189.241
Left,1,189.743
Left,1,191.273
Left,1,183.923
Left,1,178.556
Left,1,173.562
Left,1,173.782
Left,1,170.351
Left,1,180.183
Left,1,179.002
Left,1,185.42
Left,1,190.299
Left,1,190.734
Left,1,192.708
Left,1,190.042
Left,1,187.331
Left,1,179.209
Left,1,174.445
Left,1,171.057
Left,1,171.154
Left,1,167.628
Left,1,163.651
Left,1,171.717
Left,1,197.996
Left,1,171.117
Left,1,151.272
Left,1,189.932
Left,1,195.682
Left,1,151.342
Left,1,153.298
Left,1,178.437
Left,1,157.907
Left,1,150.869
Left,1,186.891
Left,1,175.48
Left,1,157.83
Left,1,169.94
Left,1,172.914
Left,1,156.405
Left,1,162.189
Left,1,164.489
Left,1,150.937
Left,1,153.258
Left,1,160.449
Left,1,163.74
Left,1,174.992
Left,1,195.989
Left,1,196.577
Left,1,209.15
Left,1,206.054
Left,1,192.89
Left,1,182.779
Left,1,173.921
Left,1,164.233
Left,1,161.581
Left,1,159.679
Left,1,159.045
Left,1,159.678
Left,1,162.942
Left,1,167.147
Left,1,171.954
Left,1,175.864
Left,1,183.315
Left,1,195.072
Left,1,206.208
Left,1,212.658
Left,1,223.495
Left,1,225.553
Left,1,225.405
Left,1,213.053
Left,1,203.552
Left,1,197.433
Left,1,191.752
Left,1,186.452
Left,1,181.819
Left,1,183.432
Left,1,181.074
Left,1,185.027
Left,1,185.429
Left,1,192.538
Left,1,195.518
Left,1,198.694
Left,1,199.319
Left,1,196.473
Left,1,196.26
Left,1,198.046
Left,1,201.284
Left,1,204.268
Left,1,212.837
Left,1,220.162
Left,1,226.129
Left,1,238.312
Left,1,250.318
Left,1,262.662
Left,1,279.073
Left,1,311.653
Left,1,323.517
Left,1,340.693
Left,1,354.666
Left,1,350.512
Left,1,329.227
Left,1,311.129
Left,1,300.406
Left,1,282.375
Left,1,282.586
Left,1,277.555
Left,1,280.866
Left,1,284.185
Left,1,303.169
Left,1,317.354
Left,1,341.189
Left,1,373.588
Left,1,420.014
Left,1,447.721
Left,1,464.16
Left,1,472.892
Left,1,465.679
Left,1,450.516
Left,1,411.47
Left,1,400.216
Left,1,383.991
Left,1,365.143
Left,1,380.228
Left,1,376.014
Left,1,392.371
Left,1,422.503
Left,1,471.923
Left,1,515.35
Left,1,591.249
Left,1,645.617
Left,1,607.536
Left,1,594.952
Left,1,511.609
Left,1,461.779
Left,1,422.019
Left,1,433.308
Left,1,422.502
Left,1,456.315
Left,1,465.822
Left,1,499.052
Left,1,537.119
Left,1,591.746
Left,1,643.999
Left,1,673.896
Left,1,705.695
Left,1,707.369
Left,1,724.622
Left,1,724.845
Left,1,726.039
Left,1,694.692
Left,1,696.904
Left,1,714.081
Left,1,713.935
Left,1,749.786
Left,1,790.946
Left,1,859.884
Left,1,913.025
Left,1,1042.04
Left,1,1121.399
Left,1,1127.237
Left,1,1219.892
Left,1,1223.736
Left,1,1328.126
Left,1,1225.474
Left,1,1390.328
Left,1,1224.605
Left,1,1226.095
Left,1,1137.69
Left,1,1140.109
Left,1,1025.891
Left,1,1103.173
Left,1,1103.173
Left,1,1104.398
Left,1,1291.456
Left,1,1351.818
Left,1,1354.539
Left,1,1358.217
Left,1,1359.171
Left,1,1302.278
Left,1,1302.409
Left,1,1360.672
Left,1,1362.173
Left,1,1569.954
Left,1,1655.893
Left,1,1854.408
Left,1,1861.454
Straight,1,0
Straight,1,0
Straight,1,0
Straight,1,0
Straight,1,0
Straight,1,0
Straight,1,0
Straight,1,0
Straight,1,0
Straight,1,0
Straight,1,0
Straight,1,0
Straight,1,0
Straight,1,0
Straight,1,0
Straight,1,0
Straight,1,0
Straight,1,0
Straight,1,0
Straight,1,0
Straight,1,0
Straight,1,0
Straight,1,0
Straight,1,0
Straight,1,0
Straight,1,0
Straight,1,0
Straight,1,0
Straight,1,0
Straight,1,0
Straight,1,0
Straight,1,0
Straight,1,0
Straight,1,0
Straight,1,0
Straight,1,0
Straight,1,0
Straight,1,0
Straight,1,0
Straight,1,0
Straight,1,0
Straight,1,0
Straight,1,0
Straight,1,0
Straight,1,0
Straight,1,0
Straight,1,0
Straight,1,0
Straight,1,0
Straight,1,0
Straight,1,0
Straight,1,0
Straight,1,0
Straight,1,0
Straight,1,0
Straight,1,0
Straight,1,0
Straight,1,0
Straight,1,0
Straight,1,0
Straight,1,0
Straight,1,0
Straight,1,0
Straight,1,0
Straight,1,0
Straight,1,0
Straight,1,0
Straight,1,0
Straight,1,0
Straight,1,0
Straight,1,0
Straight,1,0
Straight,1,0
Straight,1,0
Straight,1,0
Straight,1,0
Straight,1,0
Straight,1,0
Straight,1,0
Straight,1,0
Straight,1,0
Straight,1,0
Straight,1,0
Straight,1,0
Straight,1,0
Straight,1,0
Straight,1,0
Straight,1,0
Straight,1,0
Straight,1,0
Straight,1,0
Straight,1,0
Straight,1,0
Straight,1,0
Straight,1,0
Straight,1,0
Straight,1,0
Straight,1,0
Straight,1,0
Straight,1,0
Straight,1,0
Straight,1,0
Straight,1,0
Straight,1,0
Straight,1,0
Straight,1,0
Straight,1,0
Straight,1,0
Straight,1,0
Straight,1,0
Straight,1,0
Straight,1,0
Straight,1,0
Straight,1,0
Right,1,1229.823
Straight,1,0
Straight,1,0
Straight,1,0
Straight,1,0
Straight,1,0
Straight,1,0
Straight,1,0
Straight,1,0
Straight,1,0
Straight,1,0
Straight,1,0
Straight,1,0
Straight,1,0
Straight,1,0
Straight,1,0
Straight,1,0
Straight,1,0
Straight,1,0
Straight,1,0
Straight,1,0
Straight,1,0
Straight,1,0
Straight,1,0
Straight,1,0
Straight,1,0
Straight,1,0
Straight,1,0
Straight,1,0
Straight,1,0
Straight,1,0
Straight,1,0
Straight,1,0
Straight,1,0
Straight,1,0
Straight,1,0
Straight,1,0
Straight,1,0
Straight,1,0
Straight,1,0
Straight,1,0
Straight,1,0
Straight,1,0
Straight,1,0
Straight,1,0
Straight,1,0
Straight,1,0
Straight,1,0
Straight,1,0
Straight,1,0
Straight,1,0
Straight,1,0
Straight,1,0
